predicted trait,actual trait
-2.9537062644958496,-5.4078850746154785
14.23552131652832,15.627979278564453
1.6892032623291016,-5.597442150115967
12.627405166625977,13.284534454345703
2.3147969245910645,5.7857160568237305
1.7566156387329102,-2.3159945011138916
7.185516357421875,7.584529399871826
0.695956826210022,-2.0129408836364746
3.164515256881714,8.288017272949219
-1.1315995454788208,1.2470698356628418
15.369503021240234,19.6470890045166
2.450237274169922,-4.3092827796936035
21.133750915527344,24.580642700195312
8.352389335632324,3.260160207748413
-1.269859790802002,-2.784895896911621
-10.6318359375,-13.99951171875
0.7020213603973389,-5.6612467765808105
-5.157382488250732,-8.598564147949219
0.7167568206787109,-1.5519706010818481
-5.645447254180908,-1.7851918935775757
14.582192420959473,17.65564727783203
-8.506421089172363,-13.368627548217773
12.489337921142578,9.7250394821167
8.250909805297852,-4.652418613433838
-1.6293177604675293,-14.485641479492188
-1.8042380809783936,-4.262180328369141
-1.0161442756652832,-5.862204551696777
11.854110717773438,15.85141658782959
-7.974416255950928,-3.019991397857666
1.7820625305175781,-0.9244998693466187
-4.981188774108887,-13.027017593383789
1.6512172222137451,2.7872474193573
-1.44118332862854,-8.918601989746094
15.516167640686035,24.15397834777832
-1.0258240699768066,-3.803237199783325
15.308685302734375,20.695537567138672
6.94774866104126,-3.6548383235931396
8.51878547668457,17.469812393188477
2.878821849822998,1.714775800704956
7.000391006469727,4.423123359680176
0.5096781253814697,1.448222279548645
-11.150859832763672,-15.236082077026367
-13.033473014831543,-14.08718490600586
6.664494514465332,3.9704864025115967
-2.7235517501831055,-4.700860977172852
-2.8432960510253906,-3.0268638134002686
5.827609539031982,5.83860445022583
-4.605778694152832,-8.777978897094727
15.963906288146973,18.299654006958008
2.2828869819641113,4.924614429473877
5.105660438537598,2.2638626098632812
-4.468565940856934,-5.702645301818848
-6.940051555633545,-5.506979942321777
-0.6433885097503662,3.9614908695220947
0.6825048923492432,-3.8810460567474365
-1.2600462436676025,-2.390038013458252
8.3036527633667,11.409833908081055
6.781195163726807,8.965963363647461
-1.152409553527832,-2.861694097518921
-10.620255470275879,-15.054110527038574
-2.5453689098358154,-10.19605827331543
9.833637237548828,17.800086975097656
16.117528915405273,13.343265533447266
-9.587202072143555,-13.347674369812012
4.803195953369141,7.264557361602783
0.6431177854537964,-5.471017837524414
4.88746452331543,8.554350852966309
7.9800567626953125,9.77196979522705
6.161474704742432,4.809732437133789
4.1461334228515625,1.9747827053070068
-4.47208833694458,3.2155051231384277
-1.023691177368164,-1.3199490308761597
-1.5546636581420898,-1.1800600290298462
3.8354406356811523,3.162649631500244
2.8463973999023438,1.2216861248016357
1.8260574340820312,4.709928512573242
2.865241050720215,0.7803623676300049
2.2424585819244385,-4.118321418762207
-2.194554328918457,-4.630294322967529
-1.1673564910888672,-2.0485169887542725
8.215755462646484,4.361452579498291
7.925009727478027,7.240475654602051
6.978961944580078,9.142075538635254
7.624664783477783,8.633472442626953
5.5153913497924805,8.759296417236328
9.752677917480469,14.72639274597168
-1.97025465965271,-5.36213493347168
2.242793321609497,0.25074899196624756
-3.737250804901123,-4.196627140045166
17.9621639251709,20.12641716003418
-2.0126614570617676,-5.725508213043213
6.663644313812256,8.121875762939453
9.456247329711914,13.70913028717041
12.295854568481445,16.293521881103516
-3.5041680335998535,-1.7733830213546753
0.7832592725753784,0.2826923429965973
8.44666576385498,13.410938262939453
1.1815662384033203,5.813826560974121
3.827394485473633,7.34775447845459
-4.114601135253906,-7.11403751373291
5.504699230194092,0.28674593567848206
-3.7260682582855225,-5.268362998962402
6.568493843078613,-2.330068826675415
4.1368818283081055,-0.2282751202583313
-0.12288570404052734,0.9902410507202148
3.683182716369629,3.9488930702209473
-4.397772789001465,-4.35104513168335
2.6713366508483887,2.842661142349243
-2.8349609375,-4.075248718261719
-5.549402713775635,-7.585486888885498
-12.953727722167969,-19.059682846069336
23.263877868652344,31.375133514404297
3.566835641860962,7.215183258056641
5.321315765380859,11.593146324157715
4.746556282043457,3.6627562046051025
3.2852938175201416,10.129444122314453
0.4902915954589844,-0.6752256751060486
2.2631263732910156,4.104964256286621
8.94257926940918,7.534803867340088
14.083392143249512,35.81946563720703
-2.673487424850464,-3.4499568939208984
4.358772277832031,1.6437913179397583
-1.5972365140914917,-3.9945430755615234
9.19010066986084,7.297966957092285
-3.3654463291168213,-2.518284320831299
2.5755350589752197,-6.722826957702637
8.251239776611328,9.203909873962402
8.242443084716797,8.397027969360352
9.053953170776367,14.203505516052246
-0.5823063850402832,0.42829981446266174
8.936208724975586,13.733126640319824
-3.1990928649902344,-9.398417472839355
9.105074882507324,15.326563835144043
-7.119439601898193,-3.9392549991607666
3.0047452449798584,-3.5611562728881836
3.735600471496582,-0.15231406688690186
-7.036899566650391,-18.10087776184082
7.154908657073975,11.717440605163574
1.771313190460205,-1.1167447566986084
-1.3885490894317627,-2.237337350845337
1.0804295539855957,1.884551763534546
1.7656657695770264,0.17663918435573578
1.5582294464111328,3.687586784362793
-2.7243828773498535,-1.4634233713150024
1.2493152618408203,0.23100371658802032
6.328156471252441,8.219465255737305
8.029670715332031,-0.9279972910881042
15.058627128601074,19.492589950561523
1.8874635696411133,2.33579683303833
10.675978660583496,13.627523422241211
7.497706413269043,1.089815378189087
15.165817260742188,19.901517868041992
13.326003074645996,16.549938201904297
10.569186210632324,14.56425952911377
-2.5024805068969727,4.079284191131592
-0.5535902976989746,-11.655560493469238
7.718800067901611,6.507504940032959
-3.836668014526367,-6.962474822998047
9.040946006774902,6.217804908752441
-2.016334056854248,-3.9360671043395996
5.235471248626709,7.628736972808838
8.97077465057373,12.972614288330078
12.154050827026367,17.0909423828125
-8.922152519226074,-12.416276931762695
0.6704802513122559,5.068179130554199
2.9166173934936523,0.8710051774978638
4.606015682220459,5.564266204833984
2.1712284088134766,2.892824411392212
4.664806365966797,9.104816436767578
10.769787788391113,10.465228080749512
0.6978417634963989,-2.266876697540283
-6.856836318969727,-13.864489555358887
1.7962336540222168,2.021495819091797
7.383945465087891,7.249195575714111
0.4681992530822754,0.025629496201872826
-6.390685081481934,-16.36455535888672
4.7950053215026855,5.3988447189331055
6.035633563995361,6.242706298828125
6.746710777282715,14.696182250976562
10.223714828491211,13.80433177947998
8.396350860595703,8.518393516540527
8.868169784545898,13.067073822021484
4.124907970428467,4.2517991065979
5.021298885345459,5.214618682861328
-4.873723983764648,-2.768421173095703
5.980637550354004,9.128281593322754
2.4112753868103027,-2.895240068435669
-2.2343575954437256,-4.517547130584717
7.731422424316406,4.916590690612793
0.4267144203186035,-1.3444609642028809
-6.182467460632324,-5.150455951690674
2.5352420806884766,1.1270188093185425
-7.913602828979492,-14.008346557617188
6.3299760818481445,12.656272888183594
4.223931312561035,5.014156818389893
1.2338218688964844,3.9249813556671143
10.929054260253906,14.560633659362793
3.121901512145996,-9.761112213134766
5.264245986938477,3.5368096828460693
14.495083808898926,19.38574981689453
9.518623352050781,14.423155784606934
4.643544673919678,-0.9949733018875122
-4.283933639526367,-11.133380889892578
12.208943367004395,17.56651496887207
-2.3142971992492676,-5.458379745483398
10.346071243286133,11.340185165405273
-3.9096145629882812,-6.257595062255859
-0.21845388412475586,-5.69140625
6.350698471069336,7.769660949707031
-2.017991542816162,-7.45855188369751
1.650047779083252,2.2524688243865967
-11.419310569763184,-16.846410751342773
3.5835113525390625,0.8059362173080444
2.0177693367004395,4.898230075836182
0.28474998474121094,-10.96872329711914
-3.2037506103515625,-5.232104778289795
21.979829788208008,27.523530960083008
0.049663543701171875,-3.982978105545044
-2.97145938873291,-7.15452241897583
15.258663177490234,20.6267147064209
3.0076584815979004,2.821737289428711
5.495240688323975,4.164689064025879
-0.9335174560546875,1.8016507625579834
13.318321228027344,25.444517135620117
0.9774783849716187,2.518986463546753
4.79364013671875,4.602517604827881
0.6141014099121094,1.7545459270477295
-0.2735919952392578,-2.0220298767089844
-4.105963230133057,-5.439659118652344
1.3493032455444336,2.9341492652893066
10.905447006225586,15.964753150939941
-5.643162727355957,-4.898958683013916
2.8367481231689453,5.190036773681641
1.238286018371582,0.6832341551780701
-9.237231254577637,-16.85198402404785
10.635746002197266,18.849781036376953
-0.7446928024291992,0.2730364501476288
2.805013656616211,1.8565199375152588
-0.6842681765556335,0.6710171699523926
-3.0614116191864014,-2.087301015853882
5.67990255355835,8.497413635253906
-7.7807464599609375,-10.565106391906738
6.4769697189331055,2.150424003601074
1.635890245437622,3.5288493633270264
0.5284411907196045,-10.538636207580566
4.659690856933594,3.7694032192230225
5.124903678894043,4.369812488555908
10.104400634765625,12.043641090393066
8.22562313079834,10.162198066711426
-1.265071988105774,-7.171834468841553
4.964393615722656,12.80534553527832
3.705784320831299,3.829986572265625
2.8002195358276367,7.8825812339782715
-3.4316864013671875,-14.348479270935059
1.23701810836792,6.798813819885254
-0.6352319717407227,0.3840995132923126
15.867781639099121,19.488513946533203
6.258169174194336,6.503958225250244
4.17199182510376,2.0921335220336914
10.879861831665039,15.922845840454102
7.197367191314697,11.252567291259766
-0.9160895347595215,7.679058074951172
8.153043746948242,0.27897948026657104
15.276849746704102,19.56926727294922
-3.523408889770508,-5.297645568847656
-3.7685115337371826,-9.34306526184082
5.571934223175049,1.3432549238204956
-3.5408780574798584,-8.024271965026855
10.372626304626465,8.119117736816406
10.514613151550293,16.946035385131836
5.526123046875,7.608463287353516
16.182411193847656,21.13555908203125
2.453699827194214,0.0032726286444813013
9.109739303588867,13.679219245910645
3.5019407272338867,1.464626669883728
14.068404197692871,21.242572784423828
-0.7942662239074707,-4.633716106414795
5.264691352844238,8.193076133728027
-1.9298763275146484,-3.5412211418151855
11.211118698120117,15.60429573059082
10.649243354797363,13.76194953918457
6.425514221191406,8.680493354797363
-11.135810852050781,-18.76017951965332
3.3210549354553223,4.111762523651123
-4.6479387283325195,-13.40156364440918
5.398890972137451,3.324843406677246
-2.5404748916625977,-6.279397964477539
-1.0949511528015137,4.662281036376953
0.09332847595214844,-3.7898316383361816
9.780426979064941,14.476632118225098
15.33648681640625,20.125503540039062
1.0815365314483643,0.6721860766410828
18.633562088012695,28.718032836914062
11.22783374786377,10.069117546081543
8.011390686035156,8.673261642456055
3.2238924503326416,6.199713706970215
-3.21343731880188,-6.516218662261963
-7.507993698120117,-10.333187103271484
5.232241153717041,10.094962120056152
11.224173545837402,21.06513023376465
2.151777744293213,6.0561604499816895
0.32478415966033936,3.3976290225982666
8.899259567260742,15.639447212219238
1.8610529899597168,3.50604248046875
16.286392211914062,26.68645477294922
-3.8388595581054688,-6.887923240661621
7.949147701263428,-0.8240394592285156
-4.804987907409668,-12.363617897033691
13.336833953857422,24.045276641845703
-1.5570650100708008,-0.586321234703064
15.283845901489258,21.0891056060791
-3.125875473022461,-5.65132999420166
3.439568042755127,-0.5435056686401367
-6.906863212585449,-12.44955062866211
7.103991985321045,12.687268257141113
11.724642753601074,16.271888732910156
9.036460876464844,16.52700424194336
-3.0995852947235107,-10.587907791137695
12.381681442260742,17.861391067504883
0.7042176723480225,1.4609748125076294
10.425226211547852,7.325723171234131
2.510298490524292,10.080399513244629
7.354850769042969,11.70524787902832
5.963932991027832,4.575037002563477
-0.9142980575561523,-5.601176738739014
4.520185470581055,3.9999213218688965
5.5078349113464355,4.542300224304199
1.924107551574707,3.1179540157318115
5.693675994873047,2.1072163581848145
2.392538547515869,3.0254459381103516
6.3741302490234375,-0.7911465167999268
-0.5419855117797852,-2.358025550842285
7.165284156799316,3.426455020904541
2.966383457183838,7.654667377471924
-0.5873231887817383,-4.285603046417236
14.110708236694336,16.848848342895508
-2.325277805328369,-8.785191535949707
2.7435131072998047,-7.632815837860107
3.733283042907715,-7.512879371643066
-1.9734396934509277,-4.791262626647949
-1.0528149604797363,-5.679449081420898
-0.3556642532348633,-1.7941831350326538
3.712509870529175,7.437647819519043
0.7654962539672852,5.88860559463501
-1.6951165199279785,-1.7777554988861084
2.6895294189453125,12.387016296386719
4.868711471557617,14.810306549072266
9.022971153259277,-3.58363938331604
1.2242770195007324,-7.436721324920654
9.079038619995117,9.666680335998535
3.72633957862854,3.9056270122528076
10.887338638305664,18.241430282592773
5.613304138183594,1.7855708599090576
7.956150054931641,12.071056365966797
-9.789899826049805,-17.83924102783203
4.736093997955322,6.91105318069458
16.669265747070312,23.29664421081543
7.055156707763672,6.376411437988281
16.412479400634766,22.221384048461914
3.480710506439209,-1.1335067749023438
-1.4508428573608398,-3.8062238693237305
-4.594273090362549,-8.150591850280762
0.8169784545898438,-4.639472484588623
9.333871841430664,7.710550785064697
8.53420639038086,10.199687004089355
0.6477739810943604,-2.9979991912841797
-4.008681297302246,-6.607582092285156
13.400862693786621,13.584223747253418
5.714921474456787,8.839742660522461
2.114875555038452,7.480278968811035
-3.5178396701812744,-10.116827011108398
0.09415221214294434,-0.1721988469362259
0.4080815315246582,2.8632216453552246
-2.8488736152648926,-4.997048854827881
-4.986647129058838,-7.070282936096191
5.146340370178223,13.175405502319336
-2.80186128616333,-3.6522326469421387
2.1739606857299805,1.9176145792007446
8.240324974060059,4.145298957824707
-6.604812145233154,-12.658655166625977
0.7478322982788086,-6.153980255126953
9.344703674316406,10.343377113342285
7.356183052062988,11.566780090332031
-4.330449104309082,-6.762403964996338
-9.718388557434082,-12.864063262939453
-4.569321632385254,-9.918082237243652
-2.942858934402466,-4.785584449768066
-2.6902222633361816,-5.541774272918701
-6.274188041687012,-11.47494125366211
17.334732055664062,29.768800735473633
10.066495895385742,6.81830358505249
2.2251079082489014,3.872929334640503
-3.1738345623016357,-3.4734156131744385
2.9302191734313965,4.406298637390137
9.572211265563965,11.671785354614258
3.8889265060424805,4.92750358581543
8.510553359985352,15.780102729797363
5.982749938964844,10.937426567077637
-0.7638471126556396,3.1486897468566895
-3.450427532196045,-3.2040367126464844
-0.9729671478271484,-4.479405879974365
0.6298980712890625,-1.5055458545684814
12.865230560302734,14.886361122131348
3.9215073585510254,-1.2518829107284546
-9.46568489074707,-14.050389289855957
1.9571175575256348,1.798321008682251
-1.8488688468933105,1.1539714336395264
5.496513843536377,5.996364593505859
3.085824966430664,1.179168701171875
3.097301721572876,-1.7279642820358276
7.365306854248047,0.42189472913742065
-4.3707594871521,-16.24965476989746
4.150476455688477,8.039470672607422
7.161600112915039,2.1145801544189453
-2.9478840827941895,1.5080183744430542
9.667226791381836,19.53127670288086
16.80373764038086,22.87725830078125
2.015411853790283,-0.8200182914733887
-0.8459715843200684,2.026193141937256
-4.672974109649658,-6.0499067306518555
0.8594284057617188,-4.016096115112305
0.3185997009277344,-1.6785887479782104
-1.198941946029663,-2.6040589809417725
1.7391257286071777,-0.26071858406066895
-0.48347043991088867,2.2097697257995605
4.981821537017822,-0.4866316318511963
0.9295930862426758,14.302000045776367
3.845179557800293,-0.9174776673316956
-0.10300636291503906,-0.7067297697067261
6.463614463806152,10.067286491394043
9.24864673614502,13.126639366149902
-14.645890235900879,-17.421253204345703
-9.355719566345215,-14.38142204284668
-1.7686500549316406,-9.497323989868164
-10.170958518981934,-10.055391311645508
-2.2362618446350098,-1.4464856386184692
6.673650741577148,15.365094184875488
5.938812255859375,8.644976615905762
-1.381659746170044,-5.766999244689941
4.317086696624756,2.9249227046966553
3.588080883026123,-4.4656267166137695
4.793129920959473,6.972784042358398
10.85336971282959,15.258106231689453
4.214706897735596,5.803371429443359
3.0009684562683105,2.3305575847625732
7.2809576988220215,10.982641220092773
3.8568639755249023,4.486231803894043
-0.6470315456390381,-5.839278697967529
6.219949722290039,5.100581645965576
5.568697929382324,8.263341903686523
3.360759973526001,-0.4235701560974121
-5.302597999572754,-1.7119160890579224
-0.9900741577148438,-0.10351772606372833
5.234368801116943,7.988083839416504
-3.1377944946289062,-5.938906669616699
1.0426716804504395,-1.66233491897583
1.8759129047393799,2.380157232284546
-4.78608512878418,-11.284794807434082
-1.3538055419921875,-6.963190078735352
7.153232574462891,5.106202125549316
-0.7616701126098633,1.631909728050232
-3.462965965270996,-2.393812894821167
4.511378765106201,5.762282848358154
-2.8952343463897705,-3.7828869819641113
12.264503479003906,18.22212028503418
5.4285783767700195,6.180909633636475
-1.3784689903259277,-1.874078392982483
-3.627182960510254,-5.933209419250488
0.7399441003799438,6.171679973602295
3.2206757068634033,6.280749320983887
12.93338680267334,15.924692153930664
-0.19580578804016113,1.7208738327026367
0.4686741828918457,2.7213428020477295
5.398752212524414,6.692088603973389
3.554344654083252,1.2382664680480957
3.171631097793579,3.4757461547851562
14.768312454223633,28.60377311706543
4.321198463439941,8.39064884185791
7.2560133934021,12.515918731689453
1.092221736907959,2.788466453552246
-9.38210678100586,-16.243886947631836
-1.5345230102539062,-2.8212478160858154
2.169724225997925,4.7104811668396
-1.6788969039916992,-3.381399154663086
14.795144081115723,21.679590225219727
4.875767707824707,10.380459785461426
8.905366897583008,13.18649673461914
8.825435638427734,10.400697708129883
10.33961009979248,11.639967918395996
-1.4330997467041016,-5.226781845092773
-2.258165121078491,8.500286102294922
13.483895301818848,17.21915626525879
6.067260265350342,3.106121063232422
11.57548713684082,9.614880561828613
11.369285583496094,13.725990295410156
8.225894927978516,15.27359390258789
17.093896865844727,22.344009399414062
-0.09798383712768555,-5.451331615447998
2.54184889793396,5.596754550933838
11.724991798400879,14.513008117675781
-0.1329631805419922,5.111738681793213
3.0768117904663086,-0.30364876985549927
0.8062286376953125,5.9087677001953125
-1.7833571434020996,-5.650371074676514
-1.8539760112762451,-6.474222183227539
4.249743461608887,2.944902181625366
6.200124740600586,10.90998363494873
-1.7721889019012451,1.4276432991027832
9.963456153869629,8.833147048950195
11.109878540039062,10.026920318603516
-1.8792667388916016,3.1816704273223877
2.759931802749634,4.761965751647949
4.186182022094727,7.202708721160889
2.7011055946350098,0.0978112667798996
5.853442668914795,6.54919958114624
8.111385345458984,6.933616638183594
5.505301475524902,0.07508086413145065
0.1585845947265625,-1.9118486642837524
9.883831024169922,10.222498893737793
9.836166381835938,11.691122055053711
11.742816925048828,13.845466613769531
1.060403823852539,0.20616665482521057
-2.940274238586426,-9.59238338470459
2.1216859817504883,0.6325556635856628
12.488492012023926,15.422666549682617
15.047428131103516,19.6402587890625
-4.610294342041016,-12.101396560668945
3.7481818199157715,5.977175235748291
6.168228626251221,8.020524024963379
1.4979803562164307,-1.8731597661972046
21.347637176513672,27.734500885009766
20.044696807861328,29.952165603637695
12.647453308105469,19.234630584716797
-8.278057098388672,-9.996694564819336
-1.6474261283874512,-7.868729114532471
8.902610778808594,10.35037899017334
0.22276544570922852,4.937950134277344
1.3105311393737793,1.4571677446365356
3.8270716667175293,0.5422589778900146
4.030315399169922,0.8909994959831238
-1.9366532564163208,-2.714174270629883
9.588650703430176,7.949931621551514
1.941878080368042,3.3389101028442383
7.040389060974121,9.704366683959961
-1.563115119934082,-4.968692302703857
-1.504645586013794,3.478144884109497
1.85038423538208,0.7077434659004211
7.364055633544922,12.958475112915039
5.333793640136719,12.267631530761719
22.418560028076172,29.288511276245117
6.982893943786621,8.987578392028809
7.015321731567383,5.5579681396484375
3.7351136207580566,6.35938024520874
-8.645118713378906,-11.566781997680664
0.2861814498901367,-3.4380834102630615
14.408727645874023,19.58207893371582
2.6335365772247314,4.76669454574585
-0.9159774780273438,-1.944754719734192
-0.05405682325363159,1.0791070461273193
2.5859012603759766,2.2291829586029053
-6.284696578979492,-12.20892333984375
2.547086715698242,-1.2474782466888428
-3.495335102081299,-8.49240493774414
21.821603775024414,26.862199783325195
10.156705856323242,17.673480987548828
11.466751098632812,14.646136283874512
0.9888768196105957,-0.5440415143966675
7.609197616577148,5.8676323890686035
22.2498779296875,35.8983039855957
-8.593306541442871,-12.88864803314209
3.4481115341186523,2.7110719680786133
0.8310229778289795,-1.477916955947876
-1.9827806949615479,-10.260235786437988
0.7972927093505859,-1.0614562034606934
5.200559616088867,4.922821998596191
2.181002616882324,4.071423530578613
3.807401180267334,0.09034926444292068
-5.266667366027832,-3.5711965560913086
2.359941005706787,10.565073013305664
13.749303817749023,14.32453727722168
-5.214926719665527,-6.536568641662598
4.572362422943115,1.673317790031433
-3.16330885887146,-7.143908977508545
11.257827758789062,15.523286819458008
-1.7717978954315186,-7.073215961456299
9.538822174072266,13.357222557067871
5.5825371742248535,3.0270133018493652
5.645628452301025,12.851838111877441
-3.262566566467285,-10.939766883850098
2.0948808193206787,-7.537367343902588
4.416281700134277,5.875724792480469
3.762665271759033,1.800952672958374
-3.421712875366211,-3.6256182193756104
7.1830291748046875,6.566259384155273
7.104449272155762,6.584740161895752
-2.470440626144409,-0.7150611877441406
-7.727078437805176,-8.33695125579834
2.799938917160034,5.917961120605469
2.7504801750183105,4.2258758544921875
5.1428022384643555,5.71408224105835
3.990617275238037,16.071134567260742
4.001165390014648,6.201689720153809
3.492802619934082,-3.5616261959075928
0.720130205154419,-6.059711933135986
0.4267148971557617,3.0921761989593506
7.4675374031066895,8.099327087402344
8.686088562011719,12.772851943969727
-0.14013957977294922,3.1863067150115967
-5.135971546173096,-12.968932151794434
7.410558700561523,7.029120922088623
-0.10608959197998047,-0.1162509024143219
7.387738227844238,14.96237564086914
15.1854248046875,24.358959197998047
-5.270431041717529,-4.51459264755249
-7.779747009277344,-6.253637790679932
13.001314163208008,10.840893745422363
-1.9889142513275146,-2.8603482246398926
1.5430235862731934,9.71681022644043
-2.5598936080932617,-5.821703910827637
-6.3594970703125,-9.447854042053223
10.217626571655273,23.277599334716797
10.549158096313477,16.104732513427734
-4.249638080596924,-10.599750518798828
2.847996711730957,-0.4904147982597351
6.716344833374023,10.716389656066895
0.42408156394958496,-9.187702178955078
1.632737159729004,2.4817824363708496
5.262973785400391,7.295849800109863
11.594635009765625,14.413137435913086
2.594363212585449,-0.9259746074676514
1.291841983795166,-4.393732070922852
2.4681239128112793,-2.832153797149658
4.796743869781494,2.105546712875366
0.7259544134140015,0.04665030911564827
0.33438634872436523,-5.857020378112793
1.8023505210876465,1.829527735710144
-11.09111499786377,-14.619111061096191
6.305150985717773,10.20337200164795
22.3480224609375,26.783817291259766
-2.3671228885650635,-10.454263687133789
4.156463623046875,5.430139064788818
11.179423332214355,8.41421890258789
-0.39924144744873047,-1.182520866394043
1.4177683591842651,4.053524017333984
-1.243354320526123,-2.1253819465637207
1.3207032680511475,8.37419319152832
9.882535934448242,9.108553886413574
9.096409797668457,10.948803901672363
-0.40154218673706055,-3.785728693008423
0.9585272073745728,-0.4743092358112335
3.0519046783447266,4.8658647537231445
-7.181589603424072,-10.934928894042969
10.235918998718262,8.63002872467041
5.4392170906066895,6.765039920806885
-2.8056910037994385,-1.95570707321167
11.09819221496582,9.680441856384277
1.8875212669372559,-0.048518549650907516
6.3805341720581055,7.022560119628906
-1.5279693603515625,-4.366537094116211
14.378080368041992,11.6373872756958
-2.5233354568481445,-7.8217549324035645
13.376036643981934,23.56096076965332
15.382011413574219,15.550329208374023
1.9634860754013062,-2.4006052017211914
-5.8650922775268555,-2.552356719970703
1.2647334337234497,2.657355785369873
-7.528088569641113,-4.852910995483398
-6.650001525878906,-7.9585466384887695
11.25057315826416,18.3640079498291
10.681415557861328,10.411840438842773
6.441160202026367,8.911704063415527
-0.07537996768951416,-7.3915114402771
-4.471348285675049,-10.91873836517334
7.835976600646973,9.39172077178955
-0.7377891540527344,-3.892003297805786
-2.6813883781433105,-2.0345828533172607
-1.4710493087768555,-1.1826730966567993
3.9364030361175537,2.642537832260132
-4.029594898223877,-3.0754575729370117
14.865436553955078,20.580408096313477
-2.8039355278015137,-3.360271453857422
18.204038619995117,20.864887237548828
12.05517864227295,11.161845207214355
8.416622161865234,9.610904693603516
23.37908172607422,26.943410873413086
0.48250842094421387,0.6095256805419922
0.48502492904663086,-1.7351934909820557
9.25378131866455,9.065534591674805
0.6906352043151855,8.588846206665039
13.469095230102539,10.268854141235352
0.22016143798828125,11.825872421264648
-8.062032699584961,-17.309335708618164
-4.944272041320801,-8.405261993408203
10.450509071350098,16.109756469726562
-2.248870849609375,-5.937104225158691
5.2778096199035645,14.2216157913208
-3.114255666732788,-6.220669269561768
0.04116249084472656,-0.2234412282705307
-2.9588308334350586,-3.430154323577881
2.4553117752075195,10.706500053405762
3.644765615463257,4.762597560882568
3.1157119274139404,7.868573188781738
4.263493537902832,9.636995315551758
-4.569884300231934,-5.8991169929504395
0.7481832504272461,-5.044608116149902
7.065746307373047,14.532236099243164
2.003706932067871,-5.917675495147705
0.793917179107666,3.1386806964874268
-4.612277030944824,-10.23186206817627
-0.05835676193237305,3.3017098903656006
-6.047970771789551,-18.173992156982422
-1.09819757938385,-4.249264717102051
7.486655235290527,22.799549102783203
8.662434577941895,6.284164905548096
-2.0009188652038574,-6.934826850891113
2.5447192192077637,-4.809966564178467
4.4644036293029785,8.810402870178223
-1.532055377960205,-3.5834543704986572
0.8263239860534668,-2.979628324508667
8.674928665161133,12.288325309753418
9.259068489074707,10.714749336242676
12.4359769821167,15.027670860290527
5.2073259353637695,-5.721067905426025
5.96220064163208,10.703812599182129
-0.5746407508850098,11.665140151977539
3.217158794403076,-3.4638824462890625
0.332552433013916,-2.964756727218628
-0.35372889041900635,-2.0542900562286377
17.126110076904297,21.26845932006836
-5.084407806396484,-4.0977959632873535
0.7167856693267822,-2.050276756286621
4.798955917358398,2.186087131500244
3.823899745941162,1.6795557737350464
-4.610636234283447,-6.5279459953308105
4.486846923828125,10.429313659667969
5.117351055145264,9.578597068786621
-2.041792631149292,11.678159713745117
3.6310548782348633,11.191341400146484
16.37650489807129,18.422080993652344
4.80241060256958,-16.870798110961914
6.604770660400391,8.52212905883789
6.670849800109863,4.948487281799316
-9.076827049255371,-11.71493148803711
-11.228586196899414,-15.9136962890625
1.91621994972229,-2.666275978088379
-5.958927154541016,-5.183053493499756
-0.5351767539978027,-0.9756011366844177
14.056217193603516,18.664567947387695
0.6932210922241211,2.697978973388672
7.303555011749268,11.38033390045166
9.061739921569824,16.570981979370117
1.828016757965088,-1.0631264448165894
7.756784915924072,9.633821487426758
-4.335211753845215,-5.7587690353393555
9.93692398071289,10.564901351928711
-7.868068695068359,-12.79992389678955
3.62593412399292,-3.041234016418457
2.8770394325256348,3.2131171226501465
7.040101528167725,-4.14687442779541
3.295682668685913,9.535624504089355
-0.5864489078521729,1.4408272504806519
3.9358391761779785,11.207635879516602
10.379026412963867,12.72337532043457
6.669735431671143,3.239107370376587
-1.6765074729919434,-5.837718486785889
-3.6918556690216064,-14.167722702026367
7.445030212402344,13.703161239624023
-2.035736322402954,-0.39043548703193665
-1.4030224084854126,1.277496576309204
7.269784927368164,9.134778022766113
-12.983940124511719,-17.834800720214844
3.0465707778930664,3.64625883102417
5.997662544250488,9.250120162963867
3.765932083129883,6.1800150871276855
8.057869911193848,9.765945434570312
10.311943054199219,17.744417190551758
-2.1402735710144043,-2.1723101139068604
0.6884102821350098,1.8787119388580322
6.8151469230651855,7.5643534660339355
14.913820266723633,19.113561630249023
-0.7722573280334473,-4.7901153564453125
21.318023681640625,30.047365188598633
-1.7292675971984863,-7.524333477020264
-3.3816440105438232,-6.572178363800049
6.608808994293213,6.663534641265869
8.963098526000977,11.059394836425781
-4.414124011993408,-12.404651641845703
4.459599494934082,7.451662063598633
0.4908027648925781,-4.809505462646484
5.731782913208008,-0.8759763240814209
3.5210657119750977,1.4747951030731201
9.689395904541016,3.8316640853881836
-1.648061752319336,-5.509530067443848
-5.8562421798706055,-12.27965259552002
5.636781692504883,3.036302089691162
13.140623092651367,17.494342803955078
10.132713317871094,12.74019718170166
10.76304817199707,14.751072883605957
-5.607093811035156,-9.307144165039062
15.446028709411621,21.472747802734375
6.888919830322266,10.014822959899902
5.5603227615356445,3.406698703765869
15.689261436462402,20.34480857849121
-4.585598945617676,-4.074348449707031
-12.813053131103516,-20.669879913330078
0.6030755043029785,-2.4382548332214355
-5.424713134765625,0.167365163564682
-0.5804233551025391,4.158834934234619
5.1833038330078125,5.357499599456787
0.7162785530090332,5.021552085876465
8.912097930908203,8.360976219177246
5.432126998901367,10.566972732543945
16.356693267822266,22.059816360473633
2.3779730796813965,0.4559074938297272
4.880754470825195,9.673556327819824
16.33380699157715,24.002641677856445
9.505155563354492,15.048542022705078
-1.842113971710205,-5.379323482513428
9.451866149902344,5.431210041046143
-0.4181551933288574,-0.39455461502075195
6.827617645263672,13.633793830871582
-2.916384696960449,-6.471355438232422
8.932561874389648,1.576884150505066
-1.9395978450775146,-10.60170841217041
8.544090270996094,7.598905563354492
1.4496972560882568,0.5499005913734436
-9.207265853881836,-13.22738265991211
-6.520226955413818,-7.7006683349609375
-7.09248161315918,-8.076521873474121
4.885193824768066,3.428710460662842
8.125818252563477,6.017446994781494
10.372345924377441,18.01482582092285
-0.6101102828979492,-6.700191497802734
16.853105545043945,15.893647193908691
11.851543426513672,10.333651542663574
5.526226997375488,6.062399387359619
-4.5313873291015625,-6.624820709228516
9.34553337097168,10.875296592712402
-6.001617431640625,-11.0717191696167
0.8016142845153809,0.3809262812137604
8.951298713684082,10.872580528259277
7.616392135620117,7.274900436401367
-1.0090985298156738,1.8755918741226196
2.3408913612365723,3.5698132514953613
4.883457183837891,6.319263935089111
-5.244705677032471,-7.72806453704834
-0.7866477966308594,2.36814546585083
8.91306209564209,15.944223403930664
-0.24557113647460938,-0.6798550486564636
-1.2070345878601074,-5.527631759643555
8.920092582702637,7.743995666503906
4.437265872955322,3.2677221298217773
4.88408899307251,4.876270771026611
-1.0349693298339844,-0.20259350538253784
5.9075236320495605,7.1421966552734375
-0.08544087409973145,2.8703083992004395
-1.2395401000976562,-2.9769749641418457
17.10638427734375,22.99859046936035
-2.7941391468048096,-3.3167974948883057
5.575474739074707,8.598018646240234
9.838220596313477,19.45510482788086
2.0389456748962402,6.83878231048584
-4.617559432983398,-13.394132614135742
5.780750751495361,9.209427833557129
16.22365951538086,26.809490203857422
-1.4679384231567383,0.9003549814224243
13.560378074645996,14.930121421813965
12.262697219848633,18.293493270874023
1.6986939907073975,7.118534564971924
7.361633777618408,6.029958724975586
13.594182014465332,24.216638565063477
-1.1174354553222656,-6.344244003295898
-2.0563249588012695,-1.4085417985916138
2.575516700744629,-0.8367637395858765
3.27282977104187,1.9164918661117554
5.062592029571533,-5.309568405151367
-7.159407615661621,-14.355608940124512
4.242792129516602,4.987473487854004
-16.14965057373047,-21.81354522705078
5.8184814453125,5.682210922241211
18.8072509765625,26.7657527923584
-2.2023727893829346,-3.759915590286255
7.72960090637207,12.524480819702148
-2.3877265453338623,-5.657493591308594
1.301112174987793,14.75231647491455
7.57584810256958,6.607848644256592
5.249790191650391,1.9600149393081665
3.98238205909729,-1.2655850648880005
9.55081558227539,12.304043769836426
-4.041730880737305,-4.251479148864746
3.9126901626586914,2.405956506729126
2.6567647457122803,4.733338356018066
-2.383035898208618,7.685915946960449
2.6314778327941895,4.504138469696045
-8.548458099365234,-9.642081260681152
4.7694411277771,6.799527168273926
10.75638198852539,11.279929161071777
17.492868423461914,20.646387100219727
-11.799524307250977,-23.042734146118164
-6.510258674621582,-13.817703247070312
0.901789665222168,8.390265464782715
7.489553928375244,15.254812240600586
-0.25510072708129883,-3.9434456825256348
-2.4215028285980225,-1.399715542793274
6.0913519859313965,3.238797664642334
7.015363693237305,7.340971946716309
4.83347749710083,7.917970180511475
6.987599849700928,4.067233085632324
-1.523388147354126,-3.715987205505371
-3.8236258029937744,-6.660491466522217
-3.2491912841796875,-10.268933296203613
-1.3542203903198242,-4.037003993988037
-6.676697731018066,-7.908055782318115
1.3529033660888672,-10.59437370300293
15.2947998046875,21.150400161743164
-2.561178684234619,-10.91259479522705
4.786797523498535,1.5744786262512207
4.4754743576049805,2.8929319381713867
-7.376698970794678,-13.2337064743042
-11.03438949584961,-14.717994689941406
16.853897094726562,23.616090774536133
2.426176071166992,1.1456409692764282
-0.23862671852111816,-3.6418886184692383
9.951397895812988,9.649393081665039
15.447346687316895,25.685543060302734
6.40191650390625,6.9864630699157715
8.484451293945312,14.196635246276855
7.852252006530762,15.719629287719727
-3.306645393371582,-2.432123899459839
7.72287130355835,11.31002426147461
4.5465240478515625,4.719555854797363
1.6170092821121216,4.150151252746582
3.7336878776550293,3.6396470069885254
10.231109619140625,12.67687702178955
9.13257122039795,11.968801498413086
5.496517658233643,-0.08992601931095123
-0.41982316970825195,-5.94521427154541
-2.876232147216797,-4.028526782989502
-0.4931459426879883,7.923083782196045
8.989832878112793,8.016992568969727
2.7497811317443848,2.476712465286255
-3.0036168098449707,-4.057608604431152
-11.011148452758789,-15.14159107208252
2.7134757041931152,0.6246439218521118
0.4549896717071533,-2.480571746826172
8.309002876281738,7.227830410003662
2.6954097747802734,-1.7912243604660034
4.622989654541016,2.3580353260040283
12.060132026672363,16.66356086730957
-3.2566585540771484,-9.24539566040039
1.7106069326400757,0.948401153087616
4.187315940856934,6.8668012619018555
-0.5061750411987305,1.0002511739730835
8.320079803466797,10.057947158813477
3.256821632385254,6.047021389007568
-7.932681083679199,-12.573582649230957
7.3782734870910645,10.012007713317871
-1.9167017936706543,-1.3352150917053223
10.325695037841797,19.743053436279297
-3.8973612785339355,-12.124357223510742
4.539907932281494,-2.705437660217285
2.7298450469970703,0.8136252760887146
7.378448963165283,9.819263458251953
4.228609085083008,6.472127437591553
1.1838836669921875,-1.319907546043396
3.547262668609619,5.906041622161865
-7.929970741271973,-15.578559875488281
1.373091220855713,3.3718769550323486
3.542396068572998,1.609450340270996
-4.776734352111816,-6.931559085845947
2.3282299041748047,-0.2867412567138672
3.5533525943756104,4.434925079345703
5.551506996154785,25.10414695739746
7.164137363433838,5.111240863800049
-2.6640889644622803,-6.39656925201416
5.838489532470703,3.6610515117645264
-5.844236850738525,-11.747159004211426
-7.023619651794434,-6.103590965270996
-2.2435827255249023,-7.108545303344727
13.9034423828125,15.680402755737305
8.443794250488281,7.631338119506836
-0.9687995910644531,-5.8651556968688965
1.844800353050232,0.9899817109107971
-0.3151841163635254,-3.163214921951294
5.521958827972412,1.335463523864746
0.8618602752685547,-1.695890188217163
6.868086814880371,0.022531861439347267
4.390071868896484,-3.690537691116333
12.375483512878418,12.92762279510498
-2.524087905883789,-5.911403656005859
11.717094421386719,29.849790573120117
-1.8716402053833008,-2.9385945796966553
1.2299060821533203,-3.676284074783325
5.7154459953308105,4.586981296539307
6.566385746002197,3.468296766281128
-6.100337028503418,-6.918918132781982
9.928457260131836,6.837399005889893
-8.085786819458008,-13.400527954101562
4.358155250549316,8.379152297973633
4.382249355316162,7.809628009796143
-0.18698453903198242,-7.608637809753418
5.117829322814941,6.9656171798706055
16.911401748657227,24.53564453125
2.089021921157837,-1.8007092475891113
9.79350471496582,9.354693412780762
2.558873176574707,3.7991011142730713
2.0470199584960938,8.683348655700684
9.843871116638184,13.831879615783691
1.5120840072631836,-3.5805399417877197
0.8353745937347412,6.315128803253174
4.163393020629883,-0.22462257742881775
2.127312660217285,1.5881402492523193
12.954788208007812,19.77273941040039
5.2871551513671875,7.042009353637695
-3.4741733074188232,-4.95726203918457
1.644489049911499,0.20167942345142365
8.701509475708008,12.128190994262695
4.300863265991211,1.203366756439209
4.5037407875061035,11.363994598388672
9.532454490661621,17.95176887512207
2.081228017807007,0.7840251922607422
2.485079050064087,1.9680649042129517
-0.6733193397521973,2.9512898921966553
11.898370742797852,12.979723930358887
2.5746068954467773,3.6790552139282227
4.952189922332764,3.6287248134613037
-5.064870357513428,-6.3097453117370605
-1.7122178077697754,-6.789773464202881
10.927169799804688,14.72604751586914
7.448772430419922,11.03913402557373
-4.944066047668457,-3.9539239406585693
7.904664039611816,4.938352108001709
17.93219757080078,27.117151260375977
-7.797471046447754,-16.993223190307617
4.1175150871276855,6.1011176109313965
2.1819114685058594,2.8757126331329346
18.001792907714844,21.857290267944336
-10.394195556640625,-13.758208274841309
8.535552978515625,14.688918113708496
0.24304676055908203,1.2626323699951172
-2.1278510093688965,-5.037197113037109
6.272272109985352,7.807436943054199
3.5120105743408203,5.831425189971924
4.369201183319092,0.32269415259361267
-4.50872278213501,-6.7234697341918945
2.5302042961120605,5.289210319519043
2.293848991394043,3.613042116165161
13.150702476501465,17.474699020385742
-2.349839925765991,-7.336993217468262
0.15306496620178223,-5.405856132507324
-8.045208930969238,-9.88192081451416
1.5770106315612793,3.874739646911621
-2.9757206439971924,-4.367123126983643
12.413215637207031,9.831153869628906
-1.7189769744873047,3.5863492488861084
-14.13568115234375,-18.791969299316406
2.132094383239746,-2.4664721488952637
0.7498021125793457,1.9714292287826538
9.854894638061523,19.980031967163086
8.676084518432617,15.223946571350098
-0.2880973815917969,1.067997932434082
7.839808464050293,11.945053100585938
2.810642719268799,-2.0343680381774902
-4.742437839508057,-10.444218635559082
9.932132720947266,16.026050567626953
2.83003830909729,3.856104850769043
3.8298323154449463,9.480559349060059
-2.7502670288085938,-4.963400363922119
3.9134786128997803,5.6490373611450195
-12.524801254272461,-15.103509902954102
8.700108528137207,13.821520805358887
-1.0728983879089355,-5.691282749176025
5.204340934753418,4.985705852508545
1.0376651287078857,7.175671577453613
-1.374715805053711,-3.277177572250366
-12.691471099853516,-19.48927116394043
5.278546333312988,7.571228504180908
-1.3333579301834106,-1.908697485923767
2.2028608322143555,2.461312770843506
5.334576606750488,14.337291717529297
20.391681671142578,24.232999801635742
2.2411322593688965,10.54719352722168
1.0135231018066406,-1.9823395013809204
0.6723053455352783,-2.9232161045074463
-2.1207592487335205,-7.107827663421631
-6.966265678405762,-7.911887168884277
-1.1439504623413086,-5.715563774108887
15.934114456176758,20.76761817932129
8.642461776733398,13.636676788330078
-0.9984064102172852,-6.7439799308776855
1.3491644859313965,6.85495138168335
-6.041998863220215,-4.7597150802612305
-2.920278549194336,0.04339264705777168
11.36941909790039,16.323135375976562
3.8988590240478516,5.642695903778076
6.665408134460449,6.699369430541992
-3.843066692352295,-6.127588272094727
-0.3000791072845459,-0.9988501667976379
6.242783069610596,6.101522445678711
1.7605831623077393,-2.8046157360076904
12.030763626098633,15.587323188781738
0.35303354263305664,-4.502412796020508
7.381845474243164,22.2084903717041
-4.720885276794434,-9.7438325881958
7.701052188873291,8.848004341125488
2.943086624145508,11.722274780273438
15.808717727661133,20.859216690063477
-8.230855941772461,-13.263461112976074
-0.8653774261474609,5.020660400390625
9.134467124938965,16.898698806762695
0.35642457008361816,-1.6530905961990356
-1.2450006008148193,-2.808298110961914
-6.747188568115234,-13.862302780151367
2.94313383102417,4.849053382873535
3.096114158630371,0.35895559191703796
3.729889154434204,4.733677864074707
4.607187747955322,14.326403617858887
-1.3739902973175049,0.31507185101509094
0.22314691543579102,0.18981710076332092
-2.4744606018066406,-5.441763401031494
7.113049507141113,11.20424747467041
20.912761688232422,31.02597999572754
4.797184467315674,6.0473527908325195
-9.259933471679688,-12.395404815673828
1.442859172821045,1.1506458520889282
9.377857208251953,6.108413219451904
1.7521650791168213,4.733858585357666
4.784501552581787,5.852610111236572
3.972163438796997,6.577610969543457
-0.9856553077697754,-2.9225401878356934
8.67363452911377,11.690983772277832
0.9833354949951172,0.006103190593421459
3.2814860343933105,0.5568385124206543
-2.2635107040405273,-8.599164009094238
0.5314140319824219,-2.1638054847717285
4.966095924377441,9.97343921661377
4.851463794708252,0.20570401847362518
3.6706089973449707,6.90152645111084
6.471881866455078,9.15457820892334
8.62910270690918,13.19349479675293
-0.8577854633331299,-1.6836148500442505
2.5910582542419434,2.122051239013672
12.180737495422363,13.55501651763916
-10.621977806091309,-17.30044937133789
10.129072189331055,9.669472694396973
5.0501275062561035,10.515989303588867
-1.8328795433044434,-2.8509397506713867
2.565199613571167,5.37839937210083
6.616567611694336,7.40017032623291
4.593780517578125,10.230816841125488
-10.221827507019043,-17.10186195373535
-9.273457527160645,-10.243303298950195
2.2711267471313477,-11.04897403717041
-2.1770808696746826,-4.368560314178467
22.04928207397461,31.828039169311523
-2.828706979751587,-10.309706687927246
10.462757110595703,16.998859405517578
-7.962257385253906,-13.424590110778809
2.313477039337158,-3.579747200012207
-2.3954286575317383,-5.5506720542907715
-1.5380945205688477,-2.7145802974700928
-17.066316604614258,-21.385299682617188
1.401571273803711,5.3204755783081055
-5.512041091918945,-8.726676940917969
2.088082790374756,8.007522583007812
2.8384649753570557,0.6303198933601379
-0.4463615417480469,-2.8306403160095215
-14.902994155883789,-13.219014167785645
7.488504409790039,10.89319896697998
-10.237151145935059,-13.210009574890137
1.7376724481582642,0.28145110607147217
-6.675573348999023,-9.796882629394531
5.707614898681641,7.6078925132751465
0.7261390686035156,-5.169835090637207
3.45296311378479,6.206671237945557
5.710171699523926,12.489117622375488
-8.639760971069336,-22.196138381958008
1.327807903289795,1.1561404466629028
7.657309532165527,10.984891891479492
1.3300034999847412,1.6010087728500366
9.136155128479004,10.138473510742188
5.4109787940979,5.3095316886901855
7.938290596008301,12.848193168640137
-4.919231414794922,-12.86833667755127
14.323053359985352,17.73549461364746
-10.009124755859375,-17.08871078491211
-3.216311454772949,9.109071731567383
19.696685791015625,20.764753341674805
6.140419006347656,8.755295753479004
8.758031845092773,11.659350395202637
4.129761695861816,5.813512802124023
4.291315078735352,5.377140522003174
-0.2837800979614258,-0.6211951971054077
-3.11433744430542,-9.27916145324707
2.3609652519226074,7.790441989898682
4.230731964111328,6.8801445960998535
2.32953143119812,-1.0415503978729248
7.406216621398926,7.247704029083252
-3.0477967262268066,-3.6733450889587402
-3.0840306282043457,1.8766984939575195
8.91659927368164,11.097122192382812
5.745607376098633,13.694378852844238
-13.710317611694336,-16.964139938354492
-7.472294330596924,-11.947745323181152
-1.1023563146591187,-0.5818639993667603
-4.936305999755859,-8.500181198120117
6.269342422485352,12.518194198608398
-11.56812572479248,-10.215851783752441
7.557770729064941,10.526698112487793
3.231503486633301,2.6408071517944336
-2.3749594688415527,6.960593223571777
-1.353358268737793,-3.113982677459717
14.215790748596191,14.482657432556152
6.374807834625244,8.363757133483887
5.742917537689209,11.668726921081543
-2.2608132362365723,-3.066239356994629
12.040942192077637,17.44978904724121
5.218636989593506,9.92697525024414
1.8300986289978027,4.269121170043945
0.2671439051628113,1.1270294189453125
-0.7154984474182129,-2.8536269664764404
-8.323027610778809,-10.452775001525879
1.311039686203003,6.180825710296631
9.421061515808105,11.74382495880127
8.887765884399414,11.556903839111328
1.3624367713928223,1.1829460859298706
4.865171432495117,8.191436767578125
9.510119438171387,15.931282043457031
0.6725196838378906,-4.920604228973389
-4.081693649291992,-2.1259970664978027
2.9302573204040527,-0.3389750123023987
5.082366943359375,8.085620880126953
9.76400089263916,11.544588088989258
-1.873291015625,-4.636199951171875
0.876368522644043,4.754659175872803
5.5847578048706055,-3.763119697570801
5.199824810028076,10.252457618713379
-1.113489031791687,-4.811354637145996
15.16535758972168,16.05415916442871
3.9313464164733887,0.8436727523803711
-2.5316765308380127,-6.505943298339844
-2.1626455783843994,-2.1749372482299805
2.2615225315093994,6.160890579223633
-0.5576663017272949,0.5448797941207886
1.4694571495056152,-1.9835076332092285
13.299636840820312,15.164216995239258
4.189700603485107,5.783184051513672
7.709384918212891,12.6487398147583
9.250267028808594,13.213282585144043
4.666853904724121,5.018395900726318
2.165138006210327,6.439311981201172
0.42552804946899414,-0.8155820965766907
-0.38304662704467773,-0.6058869361877441
0.4340858459472656,-0.9253425002098083
3.3837766647338867,6.313989162445068
3.0918078422546387,5.745275497436523
-0.4294748306274414,0.11399993300437927
4.3365654945373535,7.086533546447754
3.470451831817627,9.876276969909668
-1.9285683631896973,2.3563623428344727
9.781185150146484,10.832261085510254
0.638514518737793,-0.7789451479911804
7.036947250366211,11.958366394042969
2.1013128757476807,5.317412853240967
4.494025707244873,7.316860675811768
8.481184005737305,10.472320556640625
-4.270954132080078,-14.882884979248047
3.100614547729492,4.208562850952148
6.070769309997559,3.729228973388672
9.481508255004883,8.940715789794922
-0.55792236328125,-2.120901584625244
1.2615432739257812,1.8024890422821045
9.451276779174805,17.568132400512695
0.5866751670837402,4.642526626586914
-1.9840033054351807,-4.8988847732543945
-0.3794879913330078,0.09860151261091232
2.2817025184631348,-1.0472297668457031
4.536983013153076,5.727287292480469
7.136431694030762,6.6828413009643555
2.95625638961792,11.440567970275879
-0.8986749649047852,0.42921948432922363
-11.243545532226562,-17.627490997314453
-4.1753950119018555,-12.496440887451172
3.3331470489501953,8.99699878692627
8.144262313842773,6.422231674194336
3.834956645965576,1.0443181991577148
8.562518119812012,7.063937187194824
9.825443267822266,10.766796112060547
-5.1232829093933105,-4.546573162078857
7.100203514099121,6.020551681518555
1.1003758907318115,5.954003810882568
-5.349581241607666,-9.275083541870117
0.8966634273529053,3.4079856872558594
5.789603233337402,6.058002948760986
-2.831329822540283,-7.765353202819824
12.594042778015137,22.68438720703125
-3.405792236328125,-4.915244102478027
-4.208194255828857,-3.5829107761383057
-10.942090034484863,-23.949260711669922
5.339807033538818,3.3829636573791504
2.1581945419311523,0.16539765894412994
10.054927825927734,10.894304275512695
-8.840073585510254,-18.08176040649414
2.080070972442627,16.304275512695312
10.116728782653809,17.695127487182617
2.7852396965026855,-0.4395689368247986
0.19541549682617188,-1.7971144914627075
8.564647674560547,9.182950973510742
-7.492710590362549,-7.724273204803467
-0.7693896293640137,-3.962690591812134
-2.0118777751922607,-5.226264953613281
-1.770240068435669,-3.974375009536743
-1.6724491119384766,-3.5126285552978516
1.0044918060302734,-2.8718698024749756
7.779323101043701,1.8925397396087646
6.880951881408691,11.241302490234375
0.7960836887359619,1.0355827808380127
14.022980690002441,18.61185073852539
-4.5943193435668945,-12.180510520935059
9.033206939697266,7.849380970001221
-1.4372330904006958,-2.082791328430176
13.787274360656738,20.92228889465332
-3.1409807205200195,-3.571197032928467
-5.837778568267822,-12.274733543395996
8.98073673248291,7.6527204513549805
-1.8111162185668945,4.176947593688965
15.86280345916748,18.485563278198242
0.7174139022827148,3.3755321502685547
-3.5200119018554688,-6.822036266326904
0.6896533966064453,-4.323382377624512
-2.0841922760009766,-18.806896209716797
-4.205255508422852,-6.006402492523193
6.761918067932129,0.921371340751648
-0.9797811508178711,-1.8157296180725098
10.929377555847168,18.216449737548828
-5.577859401702881,-27.87893295288086
20.622243881225586,27.471256256103516
2.3662075996398926,1.0434374809265137
10.251590728759766,-2.276620864868164
9.547653198242188,7.141964435577393
-5.44572639465332,-3.3047890663146973
3.4798402786254883,3.1548242568969727
5.752228736877441,12.937088012695312
-2.6669704914093018,-4.167433738708496
-6.6600542068481445,-10.69133186340332
13.814648628234863,19.589052200317383
-1.1086490154266357,0.8422744870185852
3.019404411315918,0.2839870750904083
0.13614428043365479,2.583559036254883
11.90399169921875,7.9815168380737305
-4.522039890289307,-5.462849140167236
5.577238082885742,4.945293426513672
16.783742904663086,27.839618682861328
-0.7476694583892822,-10.607416152954102
8.298669815063477,10.623966217041016
2.0393378734588623,4.727817535400391
0.30785512924194336,-4.437741756439209
-0.40506792068481445,4.7119140625
-8.271469116210938,-11.417489051818848
-0.43453311920166016,-6.141255855560303
-0.9925961494445801,-2.9338090419769287
2.3400747776031494,-0.8546664714813232
7.217243194580078,9.123753547668457
-7.59379243850708,-10.203657150268555
0.4696049690246582,-3.588670015335083
5.350853443145752,5.8624701499938965
-4.578278541564941,-10.70219898223877
-1.6461620330810547,-4.632524013519287
-2.4647583961486816,-2.303929328918457
8.94498062133789,11.739287376403809
-2.5196805000305176,-1.0099772214889526
-5.847725868225098,-4.984601020812988
-2.2276573181152344,-0.8074272274971008
-2.1135146617889404,0.5660425424575806
5.813194274902344,14.34933090209961
0.22280287742614746,-5.2094597816467285
1.3716230392456055,-0.3543008267879486
-4.852695465087891,-0.1373210996389389
8.699159622192383,12.788963317871094
13.826607704162598,16.098007202148438
4.5301618576049805,0.6870702505111694
-2.450673818588257,1.4679900407791138
-4.307368278503418,-6.071560859680176
7.382989883422852,11.151602745056152
-11.472341537475586,-12.016839981079102
13.661077499389648,15.156745910644531
0.953963041305542,-1.76250159740448
-3.6963677406311035,-4.952904224395752
3.8490750789642334,6.770538806915283
4.529747486114502,1.3564242124557495
17.430727005004883,25.660581588745117
2.134822130203247,3.4659857749938965
-2.5225136280059814,-8.640256881713867
-10.023954391479492,-14.512629508972168
-1.7197682857513428,6.6738409996032715
-2.287692070007324,1.306488037109375
-0.329010009765625,-3.219686508178711
-7.36390495300293,-1.052500605583191
11.060409545898438,10.747314453125
5.047296047210693,8.72311019897461
3.9867701530456543,5.0098700523376465
14.012935638427734,18.857776641845703
1.0834126472473145,0.6771989464759827
5.919678211212158,3.240518569946289
5.158761024475098,5.758778095245361
8.662169456481934,11.590832710266113
8.771146774291992,21.635982513427734
3.703235626220703,4.895800590515137
6.8993144035339355,11.26754379272461
-4.611258506774902,-5.468222141265869
17.087299346923828,23.531667709350586
1.9467153549194336,5.646644592285156
-8.201974868774414,-9.25969123840332
0.35281848907470703,1.157608985900879
2.1426570415496826,2.259493350982666
1.4360429048538208,6.056881427764893
-2.367368698120117,-11.80628490447998
7.614006996154785,9.244050979614258
-2.4184017181396484,0.9968197345733643
-1.974348545074463,0.6940299868583679
10.522808074951172,11.400959014892578
6.581435680389404,5.363013744354248
-6.286378860473633,-9.831809043884277
6.282817840576172,2.9925291538238525
7.701516151428223,10.522265434265137
9.061250686645508,10.007591247558594
0.6196146011352539,0.8406388759613037
-3.2458603382110596,0.7135721445083618
6.410184860229492,5.9276204109191895
9.29680061340332,10.151814460754395
9.74174690246582,17.204191207885742
3.422114372253418,4.360223293304443
-1.5377311706542969,0.26734820008277893
-6.792182922363281,-12.940312385559082
2.502981185913086,-0.013899248093366623
-2.751032829284668,-1.5401935577392578
8.30401611328125,14.709675788879395
-2.2701048851013184,-4.816742897033691
-4.0106964111328125,-4.933507919311523
6.529158592224121,3.7469072341918945
-1.9820444583892822,7.677119731903076
-12.423738479614258,-19.615554809570312
1.8062385320663452,0.8892554044723511
9.22142505645752,8.28251838684082
-13.642915725708008,-21.638877868652344
2.1351327896118164,-1.2866740226745605
0.3479022979736328,-3.111008405685425
-3.2674264907836914,-5.07538366317749
-1.6759576797485352,2.412334680557251
2.731015920639038,-1.234590768814087
2.813875198364258,-3.0645499229431152
-2.6301608085632324,-1.4430474042892456
-1.5063912868499756,-2.093148708343506
-9.239372253417969,-10.074975967407227
-0.36505651473999023,0.998768150806427
2.691269874572754,1.4082884788513184
3.623310089111328,1.5431582927703857
-0.7315638065338135,-4.514143466949463
2.02555251121521,0.9881819486618042
-4.16795539855957,-9.112569808959961
7.065273284912109,10.025737762451172
16.537612915039062,21.872404098510742
10.252898216247559,8.652545928955078
-2.2643232345581055,-4.434359073638916
-6.31430721282959,-7.441418647766113
2.914207696914673,9.547035217285156
14.501564025878906,17.187509536743164
-6.281825065612793,-10.634716033935547
-0.23747873306274414,0.7590901851654053
7.799057483673096,12.648029327392578
10.369123458862305,11.07930850982666
10.736359596252441,18.436553955078125
3.6016769409179688,3.9395337104797363
7.735928535461426,12.666876792907715
3.7289910316467285,-0.2186621129512787
3.9693636894226074,6.866485118865967
-4.79876184463501,-5.040320873260498
4.379809379577637,4.324203968048096
9.396815299987793,9.135946273803711
-2.8238396644592285,1.4311882257461548
-7.921071529388428,-12.362215042114258
12.581401824951172,14.474494934082031
13.68598461151123,15.48084831237793
2.6909003257751465,3.2702829837799072
16.997756958007812,23.795467376708984
9.241453170776367,10.27585506439209
3.0494446754455566,0.44882500171661377
-7.792142868041992,-14.831772804260254
1.162229299545288,8.260799407958984
-8.466490745544434,-11.505276679992676
-7.107269763946533,-11.219338417053223
-6.656411170959473,-6.336698532104492
-5.9418253898620605,-11.642151832580566
4.500783443450928,11.508790016174316
1.0280156135559082,-4.399386405944824
2.585617780685425,4.9532270431518555
8.43034839630127,4.403038501739502
0.20560646057128906,0.5211939811706543
4.389945030212402,1.5785075426101685
-9.568244934082031,-15.362401008605957
17.949132919311523,23.80464744567871
4.550205707550049,4.286031723022461
5.784792900085449,9.99057674407959
3.002549171447754,1.781335473060608
1.7216719388961792,0.496015340089798
-3.3894217014312744,-11.954160690307617
-6.372899532318115,-10.706310272216797
13.164206504821777,24.301021575927734
5.009982109069824,11.64663314819336
-0.23517823219299316,1.0839869976043701
-11.416192054748535,-17.95598602294922
-0.013068318367004395,-2.1048974990844727
-4.476162910461426,-10.972411155700684
2.9806416034698486,7.840373992919922
-0.36406731605529785,-11.068652153015137
2.632340431213379,-2.6615567207336426
-0.48932766914367676,-1.46177339553833
5.095263957977295,6.770524978637695
-2.8081412315368652,-9.21798038482666
7.270158767700195,7.8711981773376465
-2.5010123252868652,-8.24695110321045
-2.9909420013427734,-0.971657395362854
8.67148208618164,19.895191192626953
0.8311004638671875,0.3357446789741516
11.043237686157227,9.79454231262207
21.698034286499023,31.232023239135742
-3.8153374195098877,-5.350672721862793
9.330772399902344,7.702184200286865
0.48710256814956665,-0.029913712292909622
3.734842300415039,-1.389024019241333
-18.40546226501465,-28.499370574951172
3.2270498275756836,1.4240436553955078
15.481645584106445,14.839661598205566
6.477381706237793,6.6008172035217285
-5.375472545623779,-15.672496795654297
1.3565449714660645,4.149875640869141
-5.216017723083496,-12.93369197845459
5.330975532531738,7.52280330657959
10.783231735229492,14.997501373291016
0.21187734603881836,-3.0288405418395996
-3.045011520385742,-2.468247652053833
6.666646480560303,13.110692024230957
1.757320523262024,3.0380308628082275
-6.985500812530518,-17.655397415161133
2.608566999435425,1.6227554082870483
-0.1874178647994995,2.080638885498047
8.922282218933105,5.779449462890625
-2.294520378112793,-2.112744092941284
-2.399506092071533,-8.82501220703125
5.0848283767700195,5.504823684692383
6.763218879699707,7.4263482093811035
1.3313813209533691,1.022137999534607
11.862859725952148,18.919233322143555
-0.4502081871032715,-4.239895343780518
3.6918749809265137,4.6449995040893555
-8.133747100830078,-11.898910522460938
2.158438205718994,2.8335273265838623
5.16335391998291,7.054793834686279
6.754803657531738,13.650301933288574
8.82054615020752,12.377220153808594
1.9304866790771484,13.310868263244629
-2.375697612762451,-6.0580058097839355
13.685415267944336,20.068233489990234
-5.378580093383789,-2.1321277618408203
11.749451637268066,16.347557067871094
-4.385804176330566,-1.661631464958191
7.191192626953125,13.7792329788208
-4.813477516174316,-11.346722602844238
5.7272725105285645,3.0257725715637207
0.2629427909851074,0.735362708568573
4.194461822509766,-5.654672622680664
-3.2349939346313477,-8.257244110107422
-6.4028425216674805,-6.028360366821289
4.688107490539551,5.385162830352783
10.5297212600708,21.078067779541016
6.968296051025391,6.540112018585205
0.9543337821960449,-3.015350103378296
3.2725136280059814,1.2515501976013184
10.351896286010742,16.644899368286133
0.5229692459106445,4.6455397605896
0.3037838935852051,0.9637238383293152
0.05231285095214844,-0.6118360757827759
-0.7826254367828369,-4.865499496459961
0.7431600093841553,-1.891718864440918
-1.1580486297607422,2.3007636070251465
-10.080211639404297,-17.70987892150879
15.163192749023438,13.866157531738281
1.6819560527801514,-6.535348415374756
7.078042984008789,9.56845760345459
11.189428329467773,16.402006149291992
3.0058963298797607,-3.0173532962799072
0.8147292137145996,6.8823323249816895
3.588257074356079,5.462373733520508
-0.729149580001831,-7.002261638641357
1.0590569972991943,3.7271082401275635
10.874608993530273,22.434736251831055
-5.924964904785156,-7.450437545776367
-8.124456405639648,-19.3240966796875
-1.6453721523284912,-0.2638072371482849
5.222156524658203,2.9758503437042236
7.330890655517578,7.406032562255859
6.478997230529785,3.140355110168457
2.6541976928710938,0.9691157937049866
-6.716191291809082,-8.683670043945312
4.590324878692627,3.2285027503967285
3.656287670135498,4.9915452003479
1.8593895435333252,-0.08681170642375946
2.832758903503418,3.074958086013794
1.3605976104736328,1.9374691247940063
-7.282478332519531,-15.628462791442871
4.8544745445251465,12.334043502807617
1.6834917068481445,0.1455620676279068
-5.4523420333862305,-9.199453353881836
-3.351034641265869,-7.167629718780518
4.690944671630859,2.3120477199554443
-8.749616622924805,-9.345612525939941
-6.885900497436523,-6.338217258453369
0.6584763526916504,1.5592433214187622
3.1998767852783203,0.7043557167053223
9.62019157409668,10.96835994720459
-3.8027400970458984,-8.626906394958496
0.37158989906311035,-1.7699769735336304
-2.6374502182006836,-9.295591354370117
-5.6506876945495605,-5.397462844848633
-4.740141868591309,2.4981279373168945
-3.2353153228759766,-5.291452407836914
20.709657669067383,31.123226165771484
2.735825538635254,4.962762355804443
12.2540864944458,12.301886558532715
0.8855009078979492,-0.6154107451438904
2.4027462005615234,3.5877926349639893
4.025025844573975,0.8580222725868225
14.553813934326172,20.76042366027832
-7.260601997375488,-8.050564765930176
-13.97146987915039,-18.517520904541016
-14.455038070678711,-17.672996520996094
2.335071086883545,-6.261868476867676
9.357568740844727,6.678057670593262
9.425912857055664,14.571891784667969
-0.36310863494873047,0.1917787492275238
9.23939037322998,17.092824935913086
5.995940208435059,2.6996893882751465
3.8033854961395264,-1.91017484664917
-9.891437530517578,-13.132221221923828
-7.066904067993164,-11.623640060424805
3.4913930892944336,1.4720271825790405
11.846797943115234,18.526325225830078
12.321645736694336,16.488067626953125
-0.2234935760498047,1.7749838829040527
1.2026187181472778,1.8393720388412476
7.180145740509033,9.628387451171875
3.1948981285095215,4.292891025543213
-4.1072540283203125,-6.506413459777832
-1.635843276977539,-1.4427058696746826
15.01467514038086,21.986209869384766
10.154993057250977,10.106502532958984
-2.1424357891082764,2.849987745285034
2.318782091140747,4.318810939788818
11.701062202453613,15.70487117767334
-1.7987196445465088,-4.443258762359619
1.8913936614990234,2.6053764820098877
-1.2029690742492676,3.024862766265869
-5.152548789978027,-7.450001239776611
-5.070406913757324,-7.476566314697266
-2.1023244857788086,-0.5992989540100098
-4.95501708984375,-8.362378120422363
-11.035728454589844,-22.30475425720215
-4.830060005187988,-7.432120323181152
-6.990271091461182,-11.013738632202148
0.8300685882568359,-1.5729836225509644
-13.49061107635498,-25.437711715698242
8.57784652709961,6.388186931610107
-4.633487701416016,-6.561433792114258
15.576607704162598,16.33572769165039
-1.7924249172210693,-19.65224266052246
-7.649995803833008,-13.10079288482666
0.7438251972198486,-9.001873970031738
5.239086151123047,5.828022003173828
-10.382309913635254,-13.719449996948242
3.1988322734832764,6.694674491882324
0.664362907409668,2.466327428817749
4.266549110412598,5.702469348907471
3.905275344848633,2.9474596977233887
6.794892311096191,2.933131694793701
6.409496307373047,1.5435407161712646
2.9696807861328125,4.018189907073975
4.785984992980957,2.033355951309204
-0.3422269821166992,6.893243312835693
-0.30316972732543945,-0.8925372958183289
5.862695693969727,6.9070210456848145
4.45370626449585,7.148613929748535
1.490870714187622,6.005776882171631
1.9929885864257812,6.737407207489014
-4.113663196563721,-3.962615489959717
-1.806685447692871,-5.846789836883545
5.1918044090271,7.725038051605225
-1.9284199476242065,2.5922086238861084
3.300461769104004,3.504751682281494
0.5027861595153809,-1.2112079858779907
6.269317150115967,4.246489524841309
7.644659519195557,13.2538480758667
-0.7931861877441406,2.4571104049682617
-7.606213569641113,-6.948021411895752
3.1806187629699707,0.21526536345481873
1.2795841693878174,2.1855549812316895
3.957756996154785,-1.4791650772094727
-3.725274085998535,-9.227981567382812
-0.46922510862350464,-3.502051591873169
5.869744777679443,10.617850303649902
0.18084716796875,-3.91719913482666
-0.3723936080932617,-2.3403615951538086
3.950831413269043,16.282596588134766
4.716630458831787,1.474146842956543
2.400852680206299,1.2567335367202759
-5.465357780456543,-3.4392788410186768
3.707810163497925,4.218696594238281
3.5130972862243652,2.284658670425415
-5.315321922302246,-11.882797241210938
-1.9525747299194336,-6.4710893630981445
6.002793788909912,18.64786720275879
5.43729305267334,7.202386379241943
4.388556957244873,5.203839302062988
-3.9684228897094727,-18.16234588623047
-3.4106035232543945,-4.721094131469727
0.2761421203613281,-7.2541704177856445
1.147336721420288,4.191043853759766
4.838513374328613,10.415352821350098
-5.0820817947387695,-5.5837883949279785
-0.13677388429641724,-6.728326797485352
14.626360893249512,20.78534507751465
3.0446834564208984,0.5147305727005005
-9.408026695251465,-7.9128804206848145
-2.3462393283843994,-2.971869707107544
6.467617988586426,1.3365187644958496
15.164397239685059,20.669111251831055
-5.562417984008789,-11.62182331085205
-3.4211583137512207,-3.8516273498535156
0.6764209270477295,2.4886748790740967
8.591649055480957,10.323711395263672
4.081942081451416,16.837608337402344
1.0371580123901367,-7.961178779602051
-15.834127426147461,-22.583633422851562
4.511833190917969,9.187517166137695
-5.586902141571045,-7.405279159545898
5.107290267944336,0.1881258189678192
10.689876556396484,23.379676818847656
3.903824806213379,7.325958251953125
2.7449402809143066,5.660761833190918
8.05958366394043,8.345343589782715
8.075639724731445,10.938495635986328
3.3616225719451904,3.3902180194854736
11.191598892211914,13.942339897155762
2.077735185623169,4.673181533813477
-14.833850860595703,-22.489139556884766
-6.140485763549805,-10.616691589355469
8.344284057617188,9.386885643005371
5.872180461883545,8.687225341796875
-0.39618897438049316,-1.8751776218414307
-1.5449333190917969,1.1920403242111206
5.372165203094482,5.550041198730469
-4.636204719543457,-6.175601959228516
-1.7698397636413574,-2.1523385047912598
0.5866909027099609,1.1703040599822998
-3.2469866275787354,-13.303084373474121
-6.003544807434082,-14.280508995056152
7.1278767585754395,9.773414611816406
6.999148368835449,10.47256088256836
4.426304817199707,0.35869288444519043
1.9362869262695312,4.0684709548950195
3.175656795501709,9.169332504272461
7.261397838592529,9.141555786132812
-6.636577606201172,-12.718154907226562
0.5437407493591309,-0.861560046672821
1.3943719863891602,5.2747626304626465
-2.974383592605591,-1.0482205152511597
-0.8551273345947266,-2.767346143722534
1.4620716571807861,-2.7769534587860107
5.554797172546387,9.63455581665039
-1.4612027406692505,-2.982372999191284
-1.7544798851013184,-7.857295036315918
0.167674720287323,-8.343941688537598
6.294496536254883,10.293566703796387
10.349945068359375,10.233960151672363
15.629318237304688,4.893352508544922
15.315329551696777,17.32069969177246
-2.519641876220703,-3.049495220184326
3.2933645248413086,5.135629177093506
-6.273557662963867,-10.081215858459473
8.131843566894531,5.993539333343506
3.6330432891845703,2.027411460876465
2.412993907928467,4.162506580352783
7.689050674438477,8.111385345458984
7.58042049407959,14.787435531616211
4.939635276794434,4.88649845123291
1.8890869617462158,4.531926155090332
-7.533501625061035,-4.888113975524902
6.757911205291748,6.144175052642822
2.948336124420166,4.0668768882751465
9.099165916442871,11.441858291625977
9.247031211853027,13.616848945617676
8.061603546142578,11.88039779663086
8.589029312133789,17.434246063232422
9.883716583251953,13.156967163085938
-14.016324996948242,-21.351104736328125
-1.5724424123764038,-6.286362648010254
6.205471515655518,-18.73848533630371
-1.430933952331543,8.443416595458984
-1.0903401374816895,-5.998563766479492
-7.906304836273193,-16.493919372558594
-2.0967516899108887,-10.019171714782715
-7.08150053024292,-11.897978782653809
1.3204665184020996,5.26352071762085
9.582099914550781,10.16487979888916
10.861459732055664,11.383949279785156
-0.5736217498779297,-8.024330139160156
11.596965789794922,13.646251678466797
3.7225899696350098,2.6489601135253906
6.021440029144287,7.988450050354004
2.4055676460266113,1.2304693460464478
-7.184248447418213,-7.815090656280518
1.9695367813110352,6.643726348876953
9.919307708740234,15.323629379272461
5.783083438873291,6.208616256713867
0.7088122367858887,-0.3473935127258301
5.194097518920898,6.509220123291016
-4.198158264160156,-15.81404972076416
-1.854733943939209,-4.534317493438721
-1.4712038040161133,-6.747066497802734
-9.943441390991211,-8.723771095275879
1.392391324043274,-0.3595636487007141
-10.746952056884766,-16.732589721679688
3.7230281829833984,2.11944580078125
15.829501152038574,15.877693176269531
-11.613767623901367,-11.484720230102539
10.006311416625977,8.114479064941406
0.5110223293304443,2.557889461517334
6.552323818206787,-1.042689561843872
-0.41531944274902344,-7.682435989379883
3.823213577270508,9.33205509185791
-5.561670303344727,1.0859031677246094
-9.85350227355957,-15.46622371673584
-1.709385633468628,-3.347360372543335
6.366550445556641,10.903511047363281
2.1520326137542725,-0.681155264377594
-5.229694843292236,-2.898893356323242
18.10495948791504,29.10378646850586
10.626497268676758,14.679869651794434
-8.829509735107422,-10.71899127960205
9.351707458496094,12.655741691589355
0.7429361343383789,6.710478782653809
5.592956066131592,4.840775489807129
-1.945335865020752,-6.773087501525879
5.117336750030518,5.5523762702941895
3.695204734802246,7.651326656341553
-0.7485017776489258,4.14508581161499
-1.6116721630096436,4.001456260681152
-7.906801700592041,-12.391146659851074
2.4049386978149414,4.887129783630371
4.941872596740723,6.772892475128174
-1.5102524757385254,-3.0957324504852295
-9.521469116210938,-12.780158996582031
-0.0062808990478515625,-3.169722080230713
4.143097400665283,3.717322826385498
8.099569320678711,8.620573997497559
-3.075666904449463,-9.899811744689941
1.0888540744781494,1.7352343797683716
2.335392713546753,0.9133386611938477
-10.404080390930176,-4.674202919006348
5.467918395996094,6.481032848358154
-3.4919075965881348,-5.536086559295654
-2.053475856781006,-1.4432955980300903
15.290294647216797,18.507335662841797
-2.7266464233398438,-8.356949806213379
-1.5838637351989746,2.0608415603637695
4.518964767456055,-0.3798230290412903
-5.146414756774902,-12.612256050109863
-1.047163486480713,-0.12312688678503036
10.50125503540039,13.138609886169434
3.0003585815429688,-1.6628097295761108
3.9397330284118652,-1.3204319477081299
7.933521270751953,18.163097381591797
9.523674011230469,10.951290130615234
4.853253364562988,3.618694305419922
3.6948328018188477,3.774970769882202
4.854165554046631,1.8305381536483765
8.881601333618164,12.107128143310547
14.72592544555664,16.917715072631836
8.07132339477539,11.59237003326416
3.1966633796691895,3.838075637817383
6.11848258972168,10.890387535095215
-4.233547687530518,-7.101626396179199
-4.883147716522217,-8.335359573364258
-7.898819446563721,-14.020320892333984
8.507391929626465,21.286767959594727
7.243215084075928,2.3686580657958984
3.489330530166626,2.5920345783233643
-4.370081424713135,-4.662872791290283
1.315927505493164,-3.1065850257873535
6.4741363525390625,5.760766506195068
5.922108173370361,5.697552680969238
10.977710723876953,13.092721939086914
1.9885263442993164,1.6547445058822632
1.1035945415496826,-6.72330379486084
-3.5577211380004883,-2.8422698974609375
5.644542694091797,3.2214837074279785
-2.396686315536499,-6.943146228790283
1.829595685005188,2.953385829925537
-2.060497760772705,-1.761168360710144
-4.521326541900635,-8.908037185668945
14.310586929321289,25.55873680114746
10.853946685791016,16.692792892456055
-2.1629207134246826,-9.956332206726074
6.675816535949707,9.222683906555176
12.789619445800781,17.66283416748047
11.107344627380371,11.497303009033203
8.946264266967773,15.476669311523438
7.952398300170898,9.407950401306152
4.573413372039795,7.465947151184082
1.0932035446166992,7.1814351081848145
13.165281295776367,17.213802337646484
7.019069671630859,4.875351905822754
-2.1926708221435547,7.529763698577881
5.481287002563477,5.064041614532471
4.549554824829102,11.262629508972168
2.4868197441101074,-3.74660587310791
9.988386154174805,15.455582618713379
-6.873173713684082,-7.633133888244629
-1.2434749603271484,-3.1296842098236084
-5.049954414367676,-10.038881301879883
-0.6133770942687988,-10.26234245300293
9.415489196777344,15.247481346130371
3.1862897872924805,0.8750588297843933
3.019315719604492,2.1933672428131104
11.854194641113281,15.854623794555664
3.122145175933838,1.8355706930160522
-5.07108211517334,-7.7093281745910645
-3.512465238571167,-6.862402439117432
-3.0310537815093994,-7.476733684539795
1.1238899230957031,-0.8559686541557312
16.326765060424805,23.777938842773438
-1.4394431114196777,-7.645776271820068
6.347685813903809,3.20532488822937
-2.9077985286712646,-9.081442832946777
-1.428861141204834,1.3062599897384644
-4.950479984283447,-3.3928005695343018
3.98097562789917,10.128332138061523
7.671169757843018,3.9740591049194336
1.136146068572998,-1.3949776887893677
-4.85557746887207,-11.81279182434082
2.200167179107666,2.993093252182007
1.7610055208206177,0.3100961446762085
-15.755126953125,-24.12806510925293
-3.222653865814209,-9.471611976623535
5.24197244644165,7.756413459777832
1.7559490203857422,5.429102897644043
7.1877288818359375,5.864725589752197
14.444986343383789,17.843008041381836
1.9648346900939941,7.567452430725098
-3.922840118408203,-6.1825175285339355
-0.09329915046691895,-0.5510373115539551
0.5575981140136719,-2.313671112060547
-7.119643211364746,-7.711672782897949
9.32835865020752,9.373385429382324
0.5623106956481934,3.0661277770996094
1.6419916152954102,5.903512477874756
8.72510051727295,6.364597797393799
-4.419987678527832,-7.855403423309326
8.611973762512207,7.637054920196533
14.455917358398438,11.74044132232666
0.9648103713989258,0.45897507667541504
-0.568549633026123,-5.66300630569458
-3.232057571411133,2.174306869506836
10.309248924255371,7.884208679199219
-3.137437343597412,-6.753259181976318
-3.2382657527923584,-6.558412551879883
0.3956155776977539,-6.655681133270264
4.586246490478516,4.31153678894043
0.48043346405029297,-1.2641490697860718
5.152072906494141,7.184327602386475
-5.15354061126709,-9.607635498046875
6.64306116104126,9.311712265014648
11.040058135986328,9.071576118469238
2.262460708618164,1.902307391166687
9.504715919494629,18.60894775390625
-5.681046962738037,-11.255952835083008
-0.944819450378418,3.6233999729156494
-5.741447925567627,-17.167055130004883
-3.1711597442626953,0.4787715673446655
11.057823181152344,13.75142765045166
0.4160952568054199,-4.522708892822266
10.509888648986816,17.0014705657959
6.908641815185547,6.188121795654297
3.15991473197937,2.5630600452423096
2.1506338119506836,-3.7472970485687256
-3.834378242492676,-5.971783638000488
4.189299583435059,6.2965779304504395
-3.382327079772949,-6.060091495513916
1.6371405124664307,0.04481768608093262
-4.7792744636535645,-6.888917922973633
-2.1605639457702637,-6.182443141937256
