predicted_phenotype,observed_phenotype
0.36748331785202026,0.07542885094881058
0.09179580211639404,-0.2912422716617584
0.4865669310092926,0.6674839854240417
0.5003131031990051,0.14353728294372559
0.13253387808799744,-0.622121274471283
-0.0750742107629776,-0.00601562112569809
-0.47522133588790894,-0.331438273191452
-0.4017617404460907,-0.12397140264511108
0.2785685956478119,0.0781843289732933
-0.12351857125759125,-0.4926731586456299
0.44158613681793213,0.03493605554103851
-0.20693816244602203,-0.5396488308906555
0.6956673860549927,1.4196693897247314
0.32052966952323914,-0.03736730292439461
-0.10318320989608765,-0.28751012682914734
-0.15756238996982574,-0.08567506074905396
-0.33725446462631226,-0.1042766347527504
-0.47109341621398926,-0.21251899003982544
0.3233957886695862,0.6256545186042786
0.0969216525554657,0.09113490581512451
-0.2653331756591797,-0.01985478401184082
0.23578797280788422,-0.3003529906272888
0.033383771777153015,-0.23926883935928345
-0.11270833015441895,-0.3875603675842285
-0.0204143188893795,-0.48652562499046326
-0.35731616616249084,-0.2640033960342407
-0.5210909843444824,-0.503577709197998
0.029108114540576935,0.19852106273174286
0.16089794039726257,0.17462532222270966
0.09750974923372269,-0.008735999464988708
-0.3066142499446869,-0.10775002837181091
-0.09834802150726318,0.2365964651107788
0.10252892971038818,0.34144389629364014
-0.357463002204895,-0.4235053062438965
0.06714567542076111,-0.23207037150859833
0.1338740885257721,-0.1571812629699707
-0.6066492795944214,-0.8809226155281067
0.43176358938217163,0.55209881067276
0.1282561868429184,-0.19084687530994415
0.46222567558288574,0.27485159039497375
0.11449064314365387,0.42734667658805847
0.13825006783008575,0.08595818281173706
0.2696443200111389,0.3065653145313263
-0.10683900862932205,-0.0024671321734786034
0.042239218950271606,-0.06994715332984924
-0.4403466582298279,-0.5246042609214783
-0.17000018060207367,-0.4029529392719269
-0.27819281816482544,0.13528844714164734
-0.5471677780151367,-0.5032647848129272
0.248884916305542,-0.1277862787246704
0.648224949836731,0.21094638109207153
0.036091312766075134,0.08295528590679169
0.5340534448623657,0.5069606900215149
-0.06428179144859314,-0.21630842983722687
-0.5748780965805054,-0.3665056824684143
0.6744389533996582,0.541512668132782
0.29080671072006226,0.2556842565536499
0.0027846693992614746,0.26042264699935913
0.13839930295944214,-0.026946187019348145
0.16231796145439148,0.27126753330230713
0.014530181884765625,0.4084097146987915
-0.2744273543357849,-0.33200332522392273
0.22067058086395264,0.36006835103034973
0.21775975823402405,-0.027301326394081116
0.11607053130865097,-0.03729906305670738
0.6600729823112488,0.5685457587242126
0.13518722355365753,0.0021296811755746603
0.297936350107193,0.003004842670634389
-0.16458851099014282,0.12374002486467361
0.6610444784164429,0.7498616576194763
0.4236668348312378,0.34515371918678284
0.4191868305206299,0.6057592630386353
0.19136375188827515,0.3482244312763214
-0.1040598601102829,-0.3649914264678955
0.10972505062818527,-0.10706178843975067
0.214700847864151,-0.059217050671577454
0.3585103452205658,0.17411738634109497
0.374331533908844,0.19642795622348785
-0.2218063473701477,-0.7525269389152527
-0.2413206845521927,-0.7025711536407471
0.28428348898887634,0.07419286668300629
0.8185960054397583,0.44679170846939087
0.11624512076377869,0.47647327184677124
0.2617666721343994,0.24969571828842163
0.29697757959365845,-0.007200008258223534
0.15999066829681396,-0.14998790621757507
-0.05583488941192627,-0.6062389016151428
-0.0879472941160202,-0.04841349273920059
0.24754373729228973,-0.12800823152065277
-0.3354587256908417,-0.2476404309272766
0.40738141536712646,0.48299098014831543
-0.15765118598937988,-0.17225363850593567
0.10304553061723709,-0.0064156842418015
0.0396774560213089,-0.04509902745485306
-0.16183623671531677,-0.2858019769191742
-0.1726456880569458,-0.30448612570762634
-0.07767538726329803,-0.019940845668315887
0.007580474019050598,0.1937873214483261
0.31334736943244934,0.10792315751314163
-0.5412765741348267,-0.2353237271308899
0.2273235023021698,0.14503246545791626
0.5248076915740967,-0.005388749297708273
0.20130428671836853,0.15942612290382385
-0.004721552133560181,-0.1454714983701706
0.018140628933906555,0.11815159022808075
-0.3174002766609192,-0.41249483823776245
-0.08890566229820251,-0.12561579048633575
-0.11702649295330048,-0.33399954438209534
0.36017948389053345,1.1063792705535889
-0.013972051441669464,0.25555840134620667
0.08583024889230728,0.019276749342679977
0.5425601005554199,0.7866795063018799
-0.8551834225654602,0.1975318193435669
0.1725004017353058,-0.3752938508987427
0.21973615884780884,0.006439476273953915
-0.5987294912338257,-0.12328016012907028
0.14479690790176392,0.014689293690025806
-0.1408831775188446,-0.35232892632484436
0.33945584297180176,-0.10490255057811737
-0.37293896079063416,-0.4514467120170593
-0.07653062045574188,-0.3080632984638214
0.12856945395469666,-0.24690410494804382
-0.4956985116004944,-0.4382433295249939
-0.08559124916791916,-0.17738378047943115
0.24549581110477448,0.2192576676607132
-0.4323313236236572,-0.3692294657230377
0.19928061962127686,0.1796588897705078
-0.025584939867258072,-0.3359422981739044
-0.14017543196678162,-0.3559499979019165
0.12638577818870544,-0.16716179251670837
-0.4376503527164459,-0.19544607400894165
0.07558081299066544,0.36178889870643616
-0.3616397976875305,-0.07403066009283066
-0.1476154774427414,-0.6903138160705566
0.0555790439248085,-0.043634526431560516
0.3229198455810547,0.03240526095032692
0.13159812986850739,-0.2864847779273987
0.2636680603027344,0.10990441590547562
-0.3568044602870941,0.03768901899456978
-0.1647840440273285,-0.26827365159988403
-0.1648724377155304,-0.2026652693748474
-0.13549771904945374,-1.6525135040283203
0.23954425752162933,0.004870664793998003
-0.11636395007371902,-0.2208615094423294
-0.1573607474565506,0.1284913867712021
0.2522091269493103,-0.5848944187164307
-0.1382197141647339,-0.14667119085788727
-0.1633363962173462,-0.05357759818434715
-0.2646034359931946,0.0611526258289814
0.2714144289493561,-0.7854026556015015
-0.08264487981796265,-0.35101625323295593
0.41830188035964966,0.11622615158557892
-0.23789900541305542,0.12431886792182922
0.20638057589530945,-0.12542518973350525
0.2911258935928345,0.5371773838996887
0.26370567083358765,0.10475312173366547
-0.3584664762020111,-0.13241209089756012
0.061363041400909424,0.13099125027656555
-0.17439740896224976,0.08805283904075623
-0.006760746240615845,-0.09632851183414459
0.35492199659347534,0.11010123789310455
0.035163573920726776,0.21244491636753082
-0.17362608015537262,-0.35935717821121216
0.41875678300857544,0.1835588812828064
0.17547157406806946,0.011670351028442383
-0.09001778811216354,0.004338566213846207
0.23774293065071106,0.2623918354511261
0.4541776180267334,0.09786827117204666
0.5591669082641602,0.4822729825973511
-0.019873812794685364,-0.315826416015625
0.24054041504859924,-0.19381025433540344
-0.10858681797981262,-0.0440840944647789
-0.4374326467514038,-0.48414117097854614
-0.5450495481491089,-0.800296425819397
-0.1897045075893402,-0.1537879854440689
0.15545837581157684,0.30602362751960754
0.13432711362838745,0.08145800232887268
-0.3646063804626465,-0.06562185287475586
-0.09795460104942322,0.18011683225631714
0.5064275860786438,-0.15882869064807892
-0.268170565366745,-0.2889441251754761
0.1432308554649353,0.18569760024547577
-0.336603581905365,-0.762351930141449
0.4522460103034973,0.15347248315811157
0.18243268132209778,-0.5301748514175415
-0.20020943880081177,-0.54310142993927
-0.13645604252815247,0.10386944562196732
0.6329912543296814,0.622607409954071
0.5191793441772461,-0.04594296216964722
0.10097689926624298,0.13492049276828766
0.01522757112979889,-0.12876883149147034
-0.5299228429794312,-0.2887008786201477
-0.0025551319122314453,-0.09692175686359406
0.09030640125274658,0.1181388720870018
-0.5262149572372437,-1.1832607984542847
-0.15586763620376587,-0.2631983160972595
0.1605861932039261,0.29378825426101685
-0.061546050012111664,0.036074448376894
0.1294228732585907,-0.14092253148555756
-0.18218585848808289,-0.32693517208099365
0.5579386353492737,0.7631000280380249
-0.26729393005371094,0.19256111979484558
0.39266979694366455,0.351452112197876
-0.25632110238075256,-0.5147067904472351
0.500314474105835,0.024429719895124435
0.12768949568271637,0.012691961601376534
0.33992576599121094,0.10671434551477432
0.18123185634613037,0.17823073267936707
-0.2826703190803528,-0.14246529340744019
-0.282064825296402,-0.5566427707672119
0.18234142661094666,0.06606324762105942
0.14822539687156677,-0.014453775249421597
0.13578161597251892,0.05809919908642769
-0.3859916925430298,-0.38618648052215576
0.006973929703235626,-0.5498086810112
-0.0009171217679977417,-0.16921666264533997
-0.06634688377380371,-0.1023251935839653
0.26245054602622986,-0.34454628825187683
0.22017644345760345,0.7464320659637451
-0.22696055471897125,-0.13269954919815063
0.0647992342710495,-0.30865681171417236
-0.1089034378528595,-0.11621697247028351
-0.2175852358341217,-0.17134109139442444
-0.09334559738636017,-0.06111045926809311
0.20361463725566864,0.027183784171938896
0.2735002040863037,-0.18888218700885773
-0.5637499690055847,-0.22801616787910461
-0.7249460220336914,-0.5624173283576965
-0.5837676525115967,-0.2578829824924469
0.1379745602607727,-0.06903020292520523
0.11326710879802704,0.07107449322938919
0.3141709864139557,0.40023073554039
0.30154991149902344,0.1582869589328766
0.14329303801059723,0.25986841320991516
0.48367178440093994,0.3161647617816925
0.03936352953314781,-0.3421054184436798
0.6538254022598267,0.42947813868522644
0.2566877007484436,0.2946033477783203
0.40038201212882996,0.2513728439807892
0.026399902999401093,0.00905686803162098
0.10762399435043335,0.005025469232350588
-0.4962588846683502,-0.4803727865219116
0.1472456157207489,0.26952236890792847
0.6987473368644714,0.15402540564537048
-0.14218416810035706,-0.5355231761932373
0.25757989287376404,1.069386601448059
0.18788842856884003,-0.018358148634433746
0.5711188316345215,-0.09830379486083984
0.14283916354179382,-0.021802468225359917
0.5409957766532898,0.1914101243019104
0.6555134057998657,-0.03391464427113533
0.18408682942390442,-0.20017680525779724
-0.023618875071406364,-0.02550499700009823
-0.0413689985871315,-0.11073983460664749
-0.03761511668562889,-0.13440269231796265
-0.20920591056346893,-0.12877318263053894
-0.07566647231578827,-0.3837937116622925
0.16067156195640564,-0.040209438651800156
-0.19063183665275574,-0.17894473671913147
0.1339280754327774,0.31453990936279297
-0.22467149794101715,-1.0502694845199585
0.14499197900295258,0.252970814704895
0.5808844566345215,0.1215493455529213
0.2452196180820465,0.43948638439178467
-0.43999427556991577,-0.24909274280071259
0.3794681131839752,0.07795204222202301
0.10300323367118835,-0.0045031034387648106
0.08797947317361832,-0.034592289477586746
-0.34037721157073975,-0.03469254449009895
0.2744659185409546,0.39836305379867554
0.036441534757614136,-0.4335945248603821
-0.15319836139678955,-0.25150394439697266
0.020538924261927605,-0.06470001488924026
0.1134382039308548,-0.11616121977567673
0.05646807700395584,0.09195735305547714
0.6827903985977173,0.0719216912984848
-0.05660632252693176,0.07799789309501648
0.06223640590906143,-0.07292913645505905
0.041832085698843,0.3219985365867615
-0.1877727061510086,0.011695937253534794
0.03603556752204895,-0.1434480845928192
0.5724351406097412,0.0903371274471283
-0.21517762541770935,-0.5307887196540833
0.0786735862493515,-0.7033717036247253
-0.12190774083137512,-0.5846988558769226
-0.15777605772018433,-0.4873528480529785
0.13470730185508728,-0.07199458032846451
0.3685326874256134,0.010289845056831837
0.09233720600605011,0.05627165734767914
-0.3230341672897339,-0.32210755348205566
-0.05637526512145996,-0.11941476166248322
0.14847904443740845,0.36867260932922363
0.2164415419101715,0.16525904834270477
-0.355095773935318,-0.28132864832878113
0.3208422064781189,-0.006800832226872444
0.7244991064071655,0.2132147252559662
-0.16897262632846832,-0.41094765067100525
0.3023461103439331,0.009698893874883652
-0.15200866758823395,-0.2922455966472626
0.17194950580596924,0.0056086136028170586
0.4447382092475891,0.19325700402259827
0.235478937625885,0.06748328357934952
-0.3491997718811035,-0.20879267156124115
0.059175461530685425,-0.02275162562727928
0.17347127199172974,-0.06251928955316544
0.2093590646982193,-0.16340619325637817
0.042824968695640564,0.07702282071113586
-0.06340339779853821,-0.6730863451957703
-0.38215214014053345,-0.42241206765174866
-0.0905490443110466,-0.4842144548892975
0.2951032519340515,1.0282305479049683
0.0338636189699173,0.2118920087814331
-0.19068476557731628,-0.2394823133945465
0.5058366060256958,0.26859158277511597
-0.09156006574630737,0.04017775505781174
-0.06279619038105011,0.9865132570266724
-0.1492500752210617,-0.4027206301689148
0.10046850889921188,-0.42927512526512146
0.2863391041755676,-0.13931886851787567
0.055008068680763245,-0.41801780462265015
0.398176908493042,0.6947734951972961
-0.07399365305900574,-0.044377561658620834
-0.30427855253219604,-0.30666816234588623
0.221188485622406,0.5967690944671631
0.02594614028930664,0.01627008616924286
0.1305675506591797,-0.025067102164030075
-0.36202743649482727,-0.8848307728767395
-0.18451744318008423,-0.43086129426956177
-0.12012793868780136,-0.4653838872909546
-0.25556182861328125,-0.1938917636871338
-0.048635028302669525,-0.39951905608177185
0.38281551003456116,0.05692121013998985
-0.05130509287118912,-0.17139658331871033
-0.31634417176246643,-0.16152068972587585
-0.1566043198108673,-0.04815756902098656
0.31466594338417053,0.6160955429077148
0.021221190690994263,-0.08957242965698242
-0.4139098823070526,-0.2860039472579956
-0.13414902985095978,0.12403729557991028
0.7861615419387817,0.8635895848274231
-0.2447308599948883,-0.45174750685691833
0.5053997039794922,0.19798535108566284
-0.30417075753211975,-0.21022018790245056
0.5410476922988892,0.05314505100250244
0.23899433016777039,-0.008952567353844643
0.1835142970085144,-0.12882594764232635
-0.18756261467933655,-0.06875200569629669
-0.27388206124305725,-0.1769511103630066
0.4139915406703949,0.30656683444976807
0.17455267906188965,0.1627824306488037
0.037240177392959595,0.1809382289648056
0.06475962698459625,-0.005513771437108517
0.474087655544281,0.7763381004333496
0.22600924968719482,0.10212312638759613
0.4050453007221222,0.22996173799037933
-0.13617677986621857,-0.2569834589958191
-0.008321866393089294,-0.24305100739002228
0.17823481559753418,0.0038035595789551735
-0.043666668236255646,-0.15735332667827606
0.18195641040802002,0.27035143971443176
0.19439588487148285,0.1891481578350067
0.2370995581150055,0.2573867738246918
0.014804042875766754,0.2821657657623291
-0.21701520681381226,-0.2219628393650055
0.1524963527917862,-0.2570021450519562
0.27331238985061646,0.10087893158197403
-0.22573164105415344,-0.1709934026002884
-0.1088348776102066,-0.18312792479991913
0.04052889347076416,-0.6062949299812317
0.20576320588588715,0.23448392748832703
0.3811133801937103,-0.3191312253475189
-0.10318806767463684,-0.2533535063266754
-0.5418692827224731,-0.8345208168029785
-0.0715741217136383,-0.30896705389022827
-0.24885818362236023,-0.216689795255661
0.19069060683250427,0.0904078483581543
-0.18068021535873413,0.0009030502405948937
0.11469060182571411,-0.034681305289268494
-0.0186941996216774,-0.2993162274360657
0.25166720151901245,-0.0611596517264843
-0.0553809255361557,-0.17819759249687195
0.32669132947921753,0.18720367550849915
0.060905978083610535,-0.007004561834037304
0.2968674898147583,-0.029244907200336456
0.20233869552612305,0.3803133964538574
-0.4664825201034546,-0.7521460652351379
0.003463543951511383,0.11903133243322372
0.11818637698888779,0.004313402809202671
-0.08282816410064697,-0.05704936012625694
0.18037432432174683,0.12719547748565674
0.37880176305770874,0.20643925666809082
0.5904725790023804,0.2699788510799408
0.23971590399742126,0.2546629011631012
0.17960752546787262,0.5856550335884094
-0.038360726088285446,-0.2777232527732849
0.09761478006839752,0.26644766330718994
-0.3624848425388336,-0.19933182001113892
0.19208556413650513,0.15956903994083405
0.021966353058815002,-0.2083413004875183
0.05372154712677002,-0.21288877725601196
-0.22180308401584625,-0.17283377051353455
0.5299910306930542,-0.07382681220769882
-0.07286205887794495,-0.03582543134689331
0.283693790435791,-0.05516916885972023
-0.08852725476026535,-0.3558637201786041
-0.5555478930473328,-0.8867979049682617
0.21802756190299988,-0.006074733100831509
0.006661131978034973,0.06299438327550888
-0.585515022277832,-0.4493218660354614
-0.08463935554027557,-0.3430851101875305
-0.38446366786956787,-0.04644813388586044
0.3069554567337036,-0.008495483547449112
0.3359737694263458,0.4161689877510071
0.2602543830871582,0.28763723373413086
-0.0011063814163208008,-0.025756394490599632
-0.02200476825237274,0.07426144927740097
-0.36431390047073364,-0.1955534964799881
0.4281179904937744,1.0432181358337402
-0.22319132089614868,0.014790170826017857
-0.14621521532535553,-0.20958133041858673
-0.033753201365470886,-0.3074116110801697
0.007888272404670715,0.10734054446220398
0.3357587456703186,0.0442013144493103
0.06458814442157745,-0.7007040977478027
0.08491122722625732,-0.0029775460716336966
0.25269389152526855,0.286640465259552
-0.13112516701221466,-0.30266454815864563
0.20025230944156647,0.23565509915351868
0.008580103516578674,-0.4790743589401245
-0.04149442911148071,-0.3925941586494446
0.6381381750106812,0.3770366609096527
0.028140835464000702,0.1306232213973999
-0.1266005039215088,-0.08035939931869507
0.33436304330825806,0.20150701701641083
-0.04239024221897125,-0.22400029003620148
-0.6255871057510376,-0.9714220762252808
0.5435547828674316,0.309806764125824
-0.18479688465595245,0.13808788359165192
0.4235912561416626,0.4139530062675476
0.6036865711212158,0.7836710810661316
0.24755404889583588,0.06839239597320557
0.12920907139778137,0.11491918563842773
-0.22083136439323425,-0.1717129498720169
0.06826447695493698,0.09148181229829788
0.22948221862316132,0.3368743062019348
0.18297913670539856,0.06311137229204178
-0.32719507813453674,-0.15762938559055328
-0.3639445900917053,-0.060062225908041
0.05413180589675903,0.26089853048324585
-0.006591998040676117,-0.36651137471199036
-0.14357790350914001,-0.21154862642288208
-0.06997334212064743,-0.6881345510482788
-0.23959212005138397,-0.053621046245098114
-0.47067439556121826,-0.7505032420158386
0.42707720398902893,0.4423571825027466
-0.36709296703338623,-0.051063358783721924
-0.22170986235141754,-0.06636006385087967
0.07857910543680191,-0.012059505097568035
-0.22460198402404785,-0.2777450680732727
0.2095009833574295,0.06746625155210495
0.1973761022090912,0.03417319804430008
0.24784964323043823,0.15620137751102448
0.017137855291366577,-0.31545490026474
-0.1797177791595459,-0.040463730692863464
-0.31829747557640076,-0.14858408272266388
0.3704742193222046,0.1792696714401245
0.009086687117815018,-0.20381343364715576
0.1922975778579712,0.5656391978263855
-0.37421441078186035,-0.8046057820320129
-0.09712903201580048,-0.17210903763771057
0.1295684427022934,-0.09557929635047913
0.5048984885215759,0.32111307978630066
0.22293837368488312,-0.2231529951095581
-0.39177048206329346,-0.18079859018325806
0.04173663258552551,-0.40959274768829346
-0.002006206661462784,0.19527582824230194
0.16446739435195923,0.304546058177948
0.0003308802843093872,-0.5658424496650696
-0.3577449917793274,-0.2995518445968628
0.4671670198440552,0.34557855129241943
-0.16992875933647156,-0.3062642216682434
0.24360746145248413,0.09023241698741913
0.2766457200050354,0.14807355403900146
0.04795350134372711,0.004847705364227295
0.39404532313346863,0.33829957246780396
-0.3340827226638794,0.27627798914909363
-0.17841261625289917,-0.9635016322135925
-0.019970357418060303,0.14133848249912262
-0.008890919387340546,0.10078220069408417
-0.706931471824646,-0.7842822074890137
-0.14708466827869415,-0.08220066875219345
0.02652764320373535,0.01010928675532341
-0.1349775791168213,0.044469259679317474
0.1286938190460205,-0.3146318197250366
0.0208650603890419,0.2304198443889618
0.4437486529350281,0.5112802982330322
-0.1316058337688446,0.042310770601034164
0.034451521933078766,0.02614510804414749
-0.3009447455406189,-0.21121522784233093
0.08060528337955475,-0.4614071249961853
-0.17904047667980194,-0.12330594658851624
0.18052220344543457,0.3821605145931244
-0.29479560256004333,-0.33084192872047424
0.3659907579421997,0.003362183226272464
-0.36023467779159546,-0.5647310614585876
-0.34903469681739807,-0.4703800678253174
-0.03244844079017639,0.3726646602153778
-0.03675219416618347,-0.34632739424705505
0.3675358295440674,0.4357040822505951
0.2522677183151245,0.25204452872276306
-0.048152074217796326,-0.2691386342048645
0.06313127279281616,-0.12139870971441269
-0.013599976897239685,0.19834084808826447
-0.09924853593111038,-0.20173880457878113
0.4372085928916931,0.3205212354660034
-0.28729182481765747,-0.2283598780632019
0.3185977041721344,0.29725685715675354
0.5907114744186401,-0.1025373712182045
0.22932389378547668,0.4470249116420746
-0.23263311386108398,-0.2513289749622345
-0.10206130892038345,-0.23923231661319733
0.1868334710597992,0.07733941078186035
-0.5459312200546265,-0.13933001458644867
0.2008908987045288,-0.02323065511882305
0.532636284828186,0.23119699954986572
0.24030840396881104,0.3153991401195526
0.03485727310180664,-0.1750568449497223
0.16029974818229675,0.1928972452878952
0.33614033460617065,0.2794334590435028
-0.04996713250875473,-0.16344623267650604
0.02985561639070511,0.25185030698776245
0.38429683446884155,0.3122411072254181
0.47303420305252075,0.26198554039001465
-0.0604964941740036,0.08508435636758804
0.3810351490974426,0.06874458491802216
0.2714645266532898,-0.04135853424668312
0.3688892126083374,0.03233847767114639
-0.1500532478094101,-0.6912556886672974
0.0712071880698204,-0.3988850712776184
-0.18841642141342163,-0.41149112582206726
0.3272486627101898,0.17831416428089142
0.6144585609436035,-0.09449505805969238
-0.2577851414680481,-0.30327245593070984
0.508857011795044,0.1387200653553009
0.20612606406211853,0.2944768965244293
0.11249649524688721,-0.07276758551597595
0.15167023241519928,0.41983887553215027
-0.09633469581604004,-0.20516404509544373
0.055671095848083496,-0.10500475019216537
0.07612555474042892,-0.5810208916664124
0.18242426216602325,-0.02524270862340927
-0.26487451791763306,-0.1488151252269745
0.14348416030406952,-0.2974126636981964
0.11930295825004578,0.20634469389915466
-0.09374793618917465,-1.1068520545959473
-0.31712180376052856,-0.8617849349975586
0.0673680528998375,-0.518444299697876
0.5312404632568359,0.22687312960624695
-0.19986744225025177,-0.25935834646224976
0.6195238828659058,-0.4399711489677429
0.2540786862373352,0.24751603603363037
-0.3216320872306824,-0.3303240239620209
0.22307871282100677,-0.18472358584403992
-0.20111572742462158,-0.2175901234149933
0.30521461367607117,0.09343430399894714
-0.23347127437591553,0.002246782649308443
-0.037386901676654816,0.17143800854682922
0.03276839852333069,0.1387343406677246
0.08420219272375107,0.13287238776683807
0.5672459602355957,0.3863096237182617
0.07819227874279022,0.007456305902451277
0.1659521758556366,0.6399842500686646
0.39104706048965454,-0.15179118514060974
-0.10487493127584457,-0.3932332396507263
0.2534993886947632,-0.1497386246919632
0.44283902645111084,0.25188151001930237
-0.2330370396375656,0.14200296998023987
0.05055960267782211,-0.23974090814590454
0.10427761822938919,-0.06070110946893692
-0.2537735104560852,-0.040003061294555664
0.043440014123916626,-0.02353239618241787
0.7507606744766235,1.216797113418579
0.3592628240585327,-0.21378764510154724
0.0053049977868795395,0.16704963147640228
-0.10843466222286224,-0.48369383811950684
-0.44181588292121887,-0.6990898847579956
0.2600177824497223,-0.05771251395344734
0.09278235584497452,0.03333798050880432
0.0853010043501854,0.06887166947126389
0.5143753290176392,0.7560486793518066
-0.14756649732589722,-0.10248035937547684
-0.26326626539230347,-0.42645740509033203
-0.4945424795150757,-0.6315304040908813
-0.20554262399673462,0.0039916574023664
0.10740303993225098,-0.10498904436826706
-0.1012616902589798,-0.22701495885849
-0.07848742604255676,-0.11757730692625046
0.6009806394577026,0.05751048028469086
-0.4744296669960022,-0.4168195426464081
0.3165236711502075,-0.2873018682003021
-0.4074082672595978,-0.6161696910858154
0.028061136603355408,-0.16743406653404236
-0.244215190410614,-0.6342694163322449
0.05717386305332184,0.27318480610847473
-0.2522256374359131,-0.1864154040813446
-0.08637351542711258,-0.0022432750556617975
-0.06482049077749252,-0.19774118065834045
0.008291665464639664,-0.18648244440555573
0.009877584874629974,-0.3233828544616699
0.5033828020095825,-0.3171861171722412
-0.14437837898731232,0.1508927345275879
0.05301663279533386,-0.09047658741474152
-0.02708585560321808,-0.9827134609222412
0.21980351209640503,0.8163628578186035
-0.0036761611700057983,-0.141987144947052
-0.1098339706659317,0.19452285766601562
0.4133724272251129,-0.07314667850732803
0.10610005259513855,0.22347883880138397
0.39535781741142273,0.3688446283340454
0.25183194875717163,-0.1103530079126358
-0.04420820623636246,-0.12313868850469589
0.3316837549209595,0.013789870776236057
0.10572090744972229,0.2988396883010864
0.11534669995307922,0.37914881110191345
0.11182507872581482,0.12235407531261444
0.12330511212348938,-0.29373130202293396
0.16823133826255798,0.059579651802778244
-0.03649631142616272,-0.36524876952171326
-0.031840331852436066,-0.15440919995307922
0.0014784559607505798,-0.25548219680786133
0.12334128469228745,-0.18165364861488342
-0.30588892102241516,-0.125224307179451
-0.04232542961835861,-0.13811533153057098
-0.09468986093997955,-0.07058044523000717
0.31527194380760193,0.21335932612419128
0.1982974410057068,0.177237868309021
-0.2825770676136017,-0.933012843132019
0.33987677097320557,0.1268482506275177
0.5819782018661499,-0.028102925047278404
-0.09643755853176117,-1.0451451539993286
0.5406705141067505,0.08480797708034515
-0.10456545650959015,-0.021679015830159187
-0.2349165976047516,-0.9203677177429199
-0.2494901865720749,-0.1527523696422577
-0.06193523108959198,0.6066253185272217
0.1560700386762619,-0.42914852499961853
0.2868407368659973,-0.1737753301858902
-0.10214042663574219,-0.12641216814517975
0.015489637851715088,0.42100030183792114
-0.4965328574180603,-0.39920830726623535
0.03474375233054161,-0.2057933360338211
-0.3908311724662781,-0.1396230012178421
-0.16875191032886505,-0.21701331436634064
0.001011490821838379,0.3533346951007843
0.5096518993377686,0.5428230166435242
-0.21885785460472107,-0.24817906320095062
-0.09059511125087738,0.030498318374156952
-0.10488823801279068,-0.1447237879037857
0.07139717042446136,-0.06754515320062637
0.5604431629180908,0.2199522703886032
-0.3887498378753662,-0.26775363087654114
-0.13245007395744324,-0.3731863498687744
-0.19651684165000916,-0.2842695116996765
0.12547889351844788,0.03498062863945961
0.023332342505455017,0.31639203429222107
-0.4560621976852417,-0.3912234902381897
0.1597934514284134,-0.04954784736037254
0.22302284836769104,0.11253377795219421
0.2230428159236908,0.00617870781570673
-0.380876362323761,-0.009375512599945068
0.016374439001083374,-0.28890740871429443
-0.7367314696311951,-0.2595358192920685
-0.42155611515045166,-2.0568861961364746
-0.4205337166786194,-0.2052067071199417
0.3477010428905487,0.08763793110847473
-0.1535651683807373,-0.6561408638954163
-0.2907412648200989,0.13991495966911316
-0.3867891728878021,-0.2871154248714447
0.19569842517375946,-0.20914018154144287
0.22822853922843933,0.4029274582862854
0.14887388050556183,-0.1270337849855423
-0.27840015292167664,-0.16037628054618835
0.10544949769973755,-0.1598852574825287
0.6191015243530273,0.3353118598461151
-0.2501212954521179,-0.3383065164089203
0.24119833111763,0.15957418084144592
0.2462446540594101,0.12302839756011963
0.3130020201206207,0.10937193036079407
0.5721206665039062,0.030597463250160217
-0.026856549084186554,0.30437570810317993
0.2410510778427124,-0.05489829555153847
-0.12712952494621277,-0.10861245542764664
0.2466963678598404,0.07782652229070663
0.2513335645198822,0.10937057435512543
0.1075640618801117,0.18252116441726685
-0.22965170443058014,-0.008854875341057777
-0.08767861127853394,-0.18905062973499298
0.030787702649831772,0.11483319103717804
0.12488950788974762,0.08733539283275604
-0.04400411620736122,-0.34632962942123413
0.0036719217896461487,-0.5215144157409668
-0.09043145179748535,-0.27349862456321716
-0.13808254897594452,0.07502532750368118
-0.11648565530776978,-0.4002067744731903
0.48689115047454834,0.10690947622060776
-0.2282249480485916,-0.5035356283187866
0.11210580915212631,0.149595707654953
-0.298180490732193,0.18443331122398376
-0.18387526273727417,-0.28970199823379517
0.28300097584724426,0.24203094840049744
-0.05995265394449234,-0.1364280730485916
-0.4291674494743347,-0.6156044602394104
-0.043571896851062775,0.06726593524217606
0.40091803669929504,0.44944486021995544
0.16644689440727234,-0.18735821545124054
1.547113060951233e-05,-0.2148154228925705
-0.1098480150103569,-0.04631517454981804
-0.23408949375152588,-0.14852668344974518
-0.43124035000801086,-0.42543116211891174
-0.196172833442688,-0.06685005128383636
0.12600678205490112,0.02433067001402378
0.08684123307466507,0.26312971115112305
0.4116666316986084,0.27991944551467896
0.19020304083824158,-0.23434849083423615
0.10901141911745071,0.08579190820455551
0.19841711223125458,0.3181331157684326
-0.09225167334079742,0.40374308824539185
0.20312467217445374,-0.12891405820846558
-0.3324887454509735,-1.2427399158477783
0.0026220977306365967,-0.06715480238199234
0.05552509427070618,-0.13819938898086548
-0.05084076523780823,0.21924874186515808
-0.10482387244701385,-0.04624183848500252
0.0844208374619484,-0.3927289843559265
0.0781017392873764,-0.18729621171951294
0.16795457899570465,-0.14422227442264557
-0.014864087104797363,-0.2874355614185333
0.3701549470424652,0.2827110290527344
0.11286837607622147,0.15480580925941467
-0.2306547462940216,-0.15285438299179077
-0.007426947355270386,0.5642493367195129
0.2845420241355896,-0.08124756067991257
-0.2147994339466095,-0.4986352026462555
-0.02390328049659729,-0.1461886763572693
0.1265448033809662,0.04441119730472565
0.19437748193740845,0.3056833744049072
0.24983689188957214,0.10153122991323471
0.3591485619544983,-0.26843366026878357
-0.01695789396762848,0.31909239292144775
0.06351426243782043,-0.0751127228140831
0.24377167224884033,-0.014547529630362988
-0.051508933305740356,-0.1591452807188034
-0.4592985510826111,0.1277543306350708
-0.040664225816726685,0.22401702404022217
0.058303967118263245,-0.2265625
0.04957348108291626,-0.3136186897754669
-0.2306634783744812,-0.3796829581260681
0.3695215880870819,0.30223286151885986
0.20996975898742676,0.07397018373012543
0.09410850703716278,-0.1430942416191101
-0.20501857995986938,-0.14708033204078674
-0.1106252372264862,-0.24534361064434052
-0.06649796664714813,-0.009986702352762222
-0.02642565220594406,-0.13600145280361176
-0.1544124186038971,-0.167016863822937
0.058165647089481354,0.20541556179523468
-0.33202266693115234,-0.1391349881887436
-0.04693529009819031,-0.05943042039871216
0.28080105781555176,0.2419195920228958
0.4718817174434662,0.5836586356163025
-0.003271251916885376,-0.21974317729473114
0.264884889125824,-0.0021176908630877733
-0.17977255582809448,0.09376724064350128
-0.22193469107151031,-1.1760590076446533
0.3832091689109802,0.22396889328956604
-0.066852867603302,-0.0009097889997065067
0.5547481775283813,0.6776407957077026
-0.1304435133934021,-0.21634545922279358
-0.3778550922870636,-0.7582441568374634
0.45497754216194153,0.2212706208229065
-0.14358572661876678,-0.1436767727136612
0.10482026636600494,0.11146701127290726
0.2655218839645386,0.016190305352211
-0.08268441259860992,0.11653224378824234
0.19179114699363708,0.18376247584819794
0.08322040736675262,0.09239934384822845
0.15858115255832672,0.11723008751869202
0.13062620162963867,0.5130062699317932
-0.21910038590431213,-0.1008521243929863
0.06888608634471893,0.2334796041250229
-0.051955610513687134,-0.07453455030918121
0.15042191743850708,0.9712790846824646
0.09362483024597168,-0.25280311703681946
-0.13913291692733765,-0.007955098524689674
-0.5133852958679199,-1.0510103702545166
-0.2231723666191101,-0.17344796657562256
-0.37142443656921387,-0.240609273314476
-0.12598121166229248,-0.24027955532073975
-0.3932081460952759,-0.10784716159105301
0.3172979950904846,-0.1286226361989975
-0.14831893146038055,0.06905147433280945
0.1975296437740326,0.19693854451179504
0.14990490674972534,-0.23049667477607727
0.30895382165908813,-0.25524356961250305
0.2413730025291443,0.47352707386016846
-0.21526075899600983,-0.12350989133119583
0.4884340167045593,0.36781981587409973
0.42193031311035156,0.5566633343696594
0.03507716953754425,-0.515454888343811
0.3280247151851654,0.023857831954956055
0.2767581343650818,-0.2249075472354889
-0.19673238694667816,-0.47471147775650024
-0.18575814366340637,-0.3246889114379883
-0.03465022146701813,0.027076324447989464
0.591589093208313,1.3519971370697021
0.14970475435256958,0.19105631113052368
0.11747907102108002,0.10173171758651733
0.200363889336586,0.09644781053066254
-0.13222621381282806,-0.12375658750534058
-0.18853765726089478,0.1261611431837082
0.3817288279533386,0.1120278537273407
0.1597590297460556,-0.18994982540607452
-0.054768383502960205,-0.729997456073761
0.32962772250175476,-0.05267984792590141
0.007625803351402283,-0.14025546610355377
0.18360266089439392,-0.14615066349506378
0.3635801076889038,0.16662058234214783
0.17041093111038208,-0.06826513260602951
-0.48361843824386597,-0.1726609617471695
0.010053344070911407,0.14961396157741547
0.3276769518852234,0.0677170604467392
-0.26313748955726624,-0.38350677490234375
0.6668738126754761,0.5407700538635254
-0.6776307821273804,-1.197500228881836
-0.022873833775520325,0.1524246633052826
0.180161714553833,0.5791376829147339
-0.06906287372112274,0.3471810221672058
-0.1353769749403,0.006793703883886337
0.5443253517150879,-0.01598925143480301
-0.06214491277933121,0.09626413881778717
0.394178181886673,0.029708970338106155
-0.182291179895401,-0.25741320848464966
-0.2075222134590149,0.10153847187757492
0.5219506025314331,0.33315157890319824
-0.10481738299131393,-0.05884920805692673
-0.5033316016197205,-0.12147102504968643
0.42375457286834717,-0.08525300025939941
-0.09354167431592941,-0.11043579131364822
0.09862421452999115,-0.028855321928858757
-0.03401077538728714,-0.07127939164638519
0.25279295444488525,0.7950379848480225
-0.3745467960834503,-0.6172307133674622
0.35458993911743164,0.15697067975997925
0.6691358089447021,0.7483948469161987
0.012105487287044525,-0.010531305335462093
0.0421300083398819,0.08701654523611069
0.29831305146217346,0.03315095603466034
0.04833446443080902,-0.27235907316207886
0.22306853532791138,0.3255159556865692
0.10231472551822662,0.044659323990345
0.48000994324684143,1.1907775402069092
0.6435236930847168,0.6765716075897217
-0.03502950072288513,0.04254098981618881
-0.22561407089233398,-0.2063661813735962
-0.0155220627784729,-0.06682410836219788
-0.08754706382751465,-0.24035486578941345
-0.2126632183790207,-0.2187713235616684
-0.022953443229198456,-0.4721302390098572
-0.1497674584388733,-0.4499102234840393
0.3068702220916748,0.11582380533218384
0.031636036932468414,-0.1452736258506775
0.13758449256420135,0.0515158474445343
-0.21987274289131165,-0.16623595356941223
-0.07144466787576675,0.06515495479106903
-0.283627450466156,-0.5791716575622559
0.37085649371147156,1.1971259117126465
0.2957591116428375,0.20522454380989075
0.3766363263130188,-0.035502806305885315
0.13831518590450287,-0.15578009188175201
-0.20666873455047607,-0.8612776398658752
0.06349343806505203,0.18415111303329468
0.06869536638259888,-0.1462814211845398
-0.29899129271507263,0.07543826103210449
-0.07146841287612915,-0.19310668110847473
-0.2654201090335846,0.2625235617160797
0.4465417265892029,0.30663883686065674
0.4079396724700928,-0.49480634927749634
0.19412295520305634,0.2496512532234192
0.6014560461044312,0.08523941785097122
0.28947752714157104,0.17711499333381653
-0.16870251297950745,-0.23859648406505585
-0.29069405794143677,-0.5069047212600708
0.24927395582199097,0.12740273773670197
-0.3837282657623291,-0.41319572925567627
0.4246320128440857,0.5920854210853577
0.14953669905662537,0.14994283020496368
0.5596379041671753,0.7960919737815857
0.20174536108970642,0.08727117627859116
-0.2854439318180084,-0.12578833103179932
0.35025331377983093,0.1329898089170456
0.28599813580513,0.12331118434667587
0.07137167453765869,0.0049672964960336685
-0.4194098711013794,-0.401628315448761
-0.12284639477729797,-0.81305992603302
-0.05597701668739319,-0.4152699112892151
-0.03886960446834564,-0.0743824690580368
-0.08028314262628555,-0.09848886728286743
0.2851985692977905,0.19468900561332703
0.5055776834487915,-0.04728299379348755
0.2020271271467209,-0.10224927961826324
-0.5480400323867798,-0.31701919436454773
-0.189549058675766,-0.026308922097086906
-0.22571325302124023,-0.15839779376983643
-0.04279007017612457,-0.1598799228668213
-0.08912979066371918,-0.19358916580677032
-0.054526254534721375,0.2260153889656067
-0.2125016152858734,-0.24763646721839905
-0.06777489185333252,0.007456704508513212
-0.25511687994003296,-0.25230878591537476
0.1458394080400467,0.05610835552215576
0.07052133232355118,-0.12784960865974426
-0.17235349118709564,-0.3390318751335144
0.07395221292972565,-0.046473294496536255
0.2195548713207245,-0.03175942599773407
0.43639740347862244,0.16034716367721558
-0.23383833467960358,-0.17191876471042633
0.08982428908348083,-0.010514086112380028
0.0744778960943222,0.054432839155197144
0.008532412350177765,0.07575635612010956
0.895480215549469,1.40329909324646
-0.09804712235927582,-0.33599522709846497
-0.480277419090271,-0.537283718585968
-0.4163700342178345,-0.12382194399833679
0.02480819821357727,0.024509921669960022
-0.11360097676515579,-0.3947136104106903
0.3542650043964386,-0.7537758946418762
0.29998868703842163,-0.05245440453290939
-0.2498551309108734,-0.1273266226053238
0.5326700210571289,-0.0037532448768615723
-0.2966729402542114,-0.19810235500335693
-0.17711061239242554,0.06759901344776154
0.11366304755210876,-0.053438689559698105
0.01342889666557312,0.028421718627214432
0.7361305952072144,0.02295401692390442
0.14699548482894897,-0.032550178468227386
0.0028808489441871643,0.015745818614959717
-0.32586148381233215,-0.39703309535980225
0.3446776866912842,0.30061280727386475
-0.17485804855823517,-0.45572125911712646
0.1458284556865692,-0.18268245458602905
-0.07807154953479767,0.04198110103607178
-0.2401973307132721,0.0053139072842895985
-0.3782358169555664,-0.1736113578081131
0.5311777591705322,1.0569347143173218
-0.29809775948524475,-0.17595688998699188
-0.034704968333244324,0.13406595587730408
0.09169119596481323,0.05222563445568085
-0.0010123290121555328,0.18948496878147125
0.4238659143447876,0.11474260687828064
0.23687949776649475,-0.10615988075733185
0.06693325191736221,0.5136898756027222
-0.27815547585487366,-0.31933730840682983
-0.019418105483055115,0.00408306485041976
-0.0841878354549408,-0.004950162023305893
-0.33330830931663513,-0.23529183864593506
0.45954573154449463,0.1328563541173935
-0.4992843568325043,-0.2218044549226761
-0.34721171855926514,-0.9063707590103149
0.18418408930301666,0.2118576318025589
-0.16217178106307983,0.10089532285928726
0.08443985134363174,0.021171316504478455
0.16904544830322266,0.46048295497894287
0.20527848601341248,0.11668547987937927
0.43201056122779846,0.2766452133655548
-0.021138466894626617,0.26883161067962646
-0.2730793356895447,-0.26903223991394043
-0.3504488170146942,-0.24384091794490814
-0.7749767303466797,-1.614534616470337
-0.2747667133808136,-0.13873502612113953
-0.2185869961977005,-0.18863537907600403
0.30553585290908813,0.24664390087127686
-0.005586192011833191,0.015877066180109978
-0.16882437467575073,-0.04406454786658287
0.3457316756248474,0.9304533004760742
0.49451130628585815,0.6291950941085815
-0.1787397265434265,-0.01698054000735283
0.4087871313095093,0.14785520732402802
-0.2746029496192932,-0.053572360426187515
-0.02024015039205551,0.4161610007286072
0.007639802992343903,0.03023575060069561
0.3999630808830261,0.2639762759208679
0.15741246938705444,0.05040567368268967
-0.2639024257659912,-0.1416163146495819
0.147531196475029,0.42265722155570984
-0.12419788539409637,-0.14989537000656128
-0.31888628005981445,-0.18387950956821442
-0.3681752383708954,-0.04418596252799034
0.16991224884986877,0.14302958548069
0.007130540907382965,0.5827572345733643
-0.3749677836894989,-0.3336161971092224
